neo_id,diameter,absolute_magnitude,albedo,spectral_class
433,16.84,10.39,0.25,S
887,4.2,13.82,0.31,S
1036,37.675,9.17,0.238,S
1221,1.0,17.37,,
1566,1.0,16.53,0.51,
1580,5.8,14.54,0.08,C
1620,2.56,15.26,0.29,S
1627,9.12,12.79,0.15,S
1685,3.4,14.28,0.31,S
1862,1.5,16.09,0.25,
1863,2.1,15.35,0.24,S
1864,3.7,14.83,0.273,S
1865,1.2,16.77,0.22,S
1866,8.48,12.48,0.15,S
1915,0.5,18.38,0.21,S
1916,3.5,14.93,,S
1917,5.7,14.38,0.195,S
1943,2.3,15.68,0.17,S
1980,4.3,13.8,0.25,S
1981,3.4,15.28,,
2061,2.6,16.7,,
2062,1.1,17.11,0.26,S
2063,1.024,17.21,0.203,S
2100,2.3,16.24,0.13,C
2101,0.6,18.69,,
2102,1.649,16.0,0.245,
2201,1.8,15.32,0.4328,S
2212,5.7,13.45,0.163,S
2340,0.3,20.41,,C
2368,2.3,15.18,0.27,S
2608,0.9,17.48,0.21,S
3102,1.6,16.16,,
3103,1.5,15.3,0.64,X
3122,4.9,14.08,0.231,S
3199,2.2,14.99,0.42,S
3200,6.25,14.38,0.1066,
3288,2.8,15.34,0.22,S
3360,1.8,16.03,0.17,
3361,0.3,19.5,0.357,
3362,0.7,18.52,0.21,
3551,0.9,16.72,0.37,
3552,19.0,13.03,0.03,
3554,3.341,15.91,0.074,
3671,1.5,16.5,0.16,C
3691,4.3,14.93,0.515,X
3752,2.306,15.14,0.21,
3753,2.071,15.42,0.365,
3757,0.5,19.01,0.18,S
3908,1.0,17.45,0.23,
3988,0.7,17.94,,
4015,4.0,16.19,0.05,C
4034,0.42,18.5,0.52,
4055,2.49,14.9,0.31,
4179,5.4,15.29,0.405,S
4183,3.651,14.18,0.097,S
4197,1.8,14.97,0.37,S
4341,3.177,16.08,0.054,
4401,1.801,16.12,0.343,
4486,1.849,15.62,0.297,
4544,1.3,17.39,,
4660,0.33,18.75,0.55,X
4688,0.6,19.6,0.18,
4769,1.4,17.4,0.092,
4954,10.8,12.55,0.176,S
4957,3.499,15.05,0.132,S
5143,4.843,14.04,0.227,
5332,3.6,14.96,,
5370,3.6,15.23,0.037,
5381,0.935,16.72,0.507,
5587,3.57,13.89,0.32,S
5604,0.55,17.36,0.48,
5645,1.668,17.23,0.121,
5646,4.3,15.51,0.223,
5653,1.537,16.22,0.271,
5731,5.231,15.47,0.031,
5751,2.3,14.94,0.36,X
5797,0.4,18.89,,
5828,1.457,15.96,0.331,
5836,2.754,14.99,0.156,S
5863,1.345,15.83,0.488,
6050,2.884,14.94,0.257,
6053,3.72,15.1,0.14,S
6063,1.4,16.02,0.21,
6178,2.3,15.71,0.15,
6455,4.626,14.08,0.227,S
6489,0.53,19.22,0.151,
6611,1.408,16.82,0.158,
7025,0.498,18.08,0.34,
7088,1.298,16.84,0.26,
7092,6.319,15.12,0.046,
7335,1.8,17.7,0.448,
7341,0.982,16.96,0.235,S
7350,1.921,17.16,0.069,
7482,1.052,16.58,0.277,S
7822,1.602,17.34,0.075,S
7839,0.784,17.83,0.181,
7888,2.298,15.19,0.257,
7889,1.68,15.24,0.452,
8013,2.3,17.09,,
8014,0.7,18.88,,
8201,1.859,15.93,0.154,
8566,1.568,16.47,0.217,
8567,2.928,15.36,0.156,
9162,1.127,18.01,0.088,
9202,1.617,16.1,0.332,
9400,3.698,14.84,0.155,S
9856,1.0,17.09,0.3,
10115,0.938,17.14,0.318,S
10165,0.829,17.36,0.372,
10636,0.533,17.7,0.645,
11066,2.104,15.17,0.19,
11398,1.316,16.36,0.318,S
11405,3.621,15.22,0.112,S
11500,0.738,18.38,0.142,S
11885,1.298,18.52,0.033,
12538,1.663,15.96,0.232,S
12923,2.06,15.8,0.199,S
13651,0.562,17.87,0.511,S
14402,0.6,18.77,0.14,C
14827,0.9,18.81,,
16064,4.106,16.86,0.02,C
16834,1.87,15.75,0.22,S
17182,2.885,17.13,0.028,
17188,1.819,16.42,0.147,
17274,3.183,16.87,0.037,X
19356,0.91,17.0,0.34,S
19764,1.572,16.11,0.342,
20460,2.716,15.41,0.199,
20826,3.687,13.85,0.123,S
21088,2.793,14.34,0.206,
22099,0.524,18.09,0.444,S
23183,1.098,16.05,0.64,
23606,0.866,18.39,0.123,
25143,0.33,19.26,,S
25330,3.21,16.75,0.052,
25916,5.683,13.76,0.177,
26760,5.4,15.5,0.042,
26817,1.172,19.49,0.027,
27346,1.802,15.88,0.256,
29075,1.3,17.28,0.07,
33342,0.432,18.02,0.654,
35107,0.929,16.85,0.408,S
35396,0.704,17.01,0.772,X
36183,2.339,16.3,0.089,
38086,0.643,17.35,0.469,
38091,2.517,16.31,0.092,
39572,1.554,16.56,0.184,
39796,2.131,15.68,0.205,
40263,0.954,17.75,0.177,
40267,1.641,15.54,0.214,S
41429,0.204,20.66,0.267,
48603,0.844,17.82,0.227,X
52387,0.89,17.75,0.171,
52750,1.059,16.67,0.471,
52760,1.0,17.52,,
52762,6.742,14.82,0.051,
52768,1.75,16.02,,
53319,7.0,15.35,,X
53430,1.233,16.66,0.266,
53789,0.843,17.35,0.222,
54401,1.189,17.22,0.181,
54686,1.349,16.61,0.244,S
54789,1.567,15.07,0.856,
55408,0.461,18.88,0.342,
55532,1.306,16.16,0.376,S
65679,0.918,19.62,0.033,
65803,0.78,18.11,,S
66008,1.484,15.93,0.319,
66146,2.864,14.36,0.224,
66251,1.222,17.0,0.187,
66272,0.808,17.22,0.4,
66391,1.317,16.64,,S
66400,0.411,19.27,0.182,
68063,2.301,15.57,0.211,
68216,0.994,16.57,0.449,
68267,0.875,17.01,0.401,
68278,0.942,18.47,0.087,
68346,0.736,16.92,0.291,
68348,3.512,14.27,0.299,
68350,1.794,16.11,0.219,
68548,1.182,16.57,0.289,
68950,1.65,16.39,0.178,
85182,1.1,17.13,0.242,
85275,2.506,16.49,0.093,
85628,0.775,17.28,0.461,
85709,2.23,15.93,0.141,
85713,3.484,15.77,0.076,
85774,0.939,19.09,0.042,C
85804,2.272,15.36,0.167,
85818,2.028,15.42,0.168,S
85839,1.14,16.58,0.405,
85953,0.59,18.1,0.32,S
85989,1.462,17.07,0.056,
85990,0.451,20.27,0.095,X
86039,2.22,15.95,0.14,
86067,1.245,16.45,0.314,
86324,2.102,15.83,0.191,
86326,1.348,17.35,0.098,S
86666,1.165,16.88,0.228,
86667,0.745,17.54,0.349,
86819,0.802,17.48,0.301,S
86829,1.823,15.81,0.232,S
87309,0.568,17.59,0.499,
87311,1.948,16.5,0.142,
88188,1.371,16.08,0.374,
88213,0.912,19.48,0.028,
88254,0.8,17.77,0.252,
88263,5.748,15.69,0.037,
88710,0.76,17.61,0.281,
89355,2.038,15.8,0.246,S
89830,5.067,14.98,0.079,
89959,1.407,16.55,0.224,
90075,2.233,15.38,0.294,
90367,1.748,17.92,0.048,
90403,0.572,17.78,0.493,
90416,0.968,18.83,0.062,
96189,3.605,16.48,0.041,
96590,0.882,16.28,0.489,S
99248,1.115,16.54,0.429,
99907,1.4,17.96,,S
99942,0.34,19.09,0.35,S
100004,2.7,16.43,0.0668,
100756,1.809,16.34,0.163,S
100926,1.174,16.63,0.234,S
101955,0.48444,20.21,0.044,
103067,1.282,16.8,0.246,
105140,1.946,15.75,0.223,
105141,0.352,19.09,0.431,
108519,1.423,17.94,0.06,
111253,3.006,15.24,0.178,
112985,3.618,15.77,0.033,
136564,0.4,19.28,,X
136874,3.398,15.74,0.073,
137032,1.055,16.66,0.183,
137062,1.265,16.76,0.411,S
137084,1.228,16.47,0.322,
137099,0.564,18.29,0.291,
137805,2.243,16.72,0.027,X
137924,0.97,17.5,0.247,
137925,1.372,16.06,0.373,
138013,3.518,14.7,0.172,
138127,0.754,17.11,0.449,
138359,1.085,17.97,0.095,
138847,0.965,17.07,0.396,
138883,1.222,16.84,0.247,
138947,0.447,18.82,0.292,
139056,0.32,19.18,0.52,S
139289,1.126,17.8,0.127,
139345,2.586,16.74,0.038,
140158,0.566,18.48,0.289,
140288,1.263,16.73,0.231,
141432,0.239,20.06,0.34,
141484,1.034,16.26,0.455,
141531,0.303,19.15,0.482,
142040,1.232,16.25,0.353,
142464,0.886,18.34,0.118,
142563,0.86,17.21,0.378,
142781,1.595,16.14,0.252,
143624,2.137,15.91,0.169,
144901,2.24,17.54,0.038,
152558,1.4,16.86,0.146,
152563,0.272,19.71,0.287,X
152564,0.282,19.63,0.169,
152671,0.298,20.24,0.2,
152679,4.167,16.55,0.022,C
152742,0.413,19.1,0.264,
152754,0.414,19.22,0.216,
152889,1.022,16.5,0.388,
152931,1.646,16.3,0.237,
152941,0.82,17.61,0.205,
152952,0.776,17.57,0.353,
152964,0.788,17.8,0.342,
152978,0.531,19.57,0.109,S
153195,1.327,17.51,0.1,
153201,0.51,19.3,0.129,X
153219,1.289,18.54,0.035,
153249,3.16,15.67,0.177,
153271,2.441,17.4,0.039,
153591,2.0,17.11,,
153814,0.932,18.28,0.097,
153842,1.759,16.7,0.193,
154029,1.119,16.52,0.098,
154035,1.098,17.38,0.149,
154276,1.06,17.61,0.143,
154589,1.109,16.62,0.395,
154590,0.086,21.7,0.53,
154807,0.469,18.56,0.319,
154993,0.828,17.99,0.195,
155110,0.683,17.46,0.379,
159454,0.577,18.04,0.367,
159459,1.769,16.31,0.187,
159504,2.324,16.97,0.052,
159518,1.784,18.01,0.038,
159560,1.156,17.14,0.209,
159686,1.845,16.34,0.162,
159857,3.07,15.46,0.13,
159929,2.62,17.72,0.026,
161989,1.9,17.31,0.09,S
161999,0.458,18.8,0.211,
162000,0.4,19.64,,
162038,1.959,16.69,0.105,
162058,0.847,17.99,0.186,
162080,0.777,19.93,0.035,
162116,0.538,19.54,0.116,
162142,0.462,18.78,0.25,S
162173,0.896,19.55,0.045,C
162181,0.729,18.2,0.175,
162269,1.01,16.97,0.274,
162385,0.812,18.59,0.115,
162463,1.048,17.97,0.084,
162483,0.906,17.53,0.236,
162510,1.406,17.6,0.089,
162566,4.299,15.73,0.071,
162567,0.335,19.97,0.173,C
162741,3.945,17.47,0.014,
162903,1.086,18.66,0.06,
162980,0.79,16.77,0.658,
162998,0.875,18.16,0.161,
163132,0.46,18.61,0.408,
163243,1.682,16.42,0.172,
163348,0.735,20.05,0.03,
163454,0.712,19.11,0.096,
163691,3.449,17.09,0.021,
163694,0.832,17.5,0.276,
163760,2.343,16.68,0.074,
163818,0.386,18.46,0.516,
163899,0.791,17.56,0.34,
164121,1.717,16.15,0.198,
164206,1.138,17.69,0.124,
164207,0.163,21.2,0.219,
168318,0.9,19.03,,
168378,0.841,16.91,0.509,
169352,0.316,19.37,0.405,
172034,0.631,17.84,0.336,
173689,0.724,18.25,0.161,
175706,1.196,18.31,0.072,C
175921,1.039,18.32,0.02,
184990,2.039,16.41,0.117,
185716,0.629,17.95,0.339,
185851,0.863,18.31,0.137,
187040,0.43,19.2,0.199,
190119,1.451,17.04,0.121,
190161,3.041,16.73,0.04,
190166,1.045,17.26,0.234,
194268,1.244,18.34,0.055,X
194386,0.916,16.95,0.353,S
198856,0.742,17.06,0.389,
200754,0.553,18.51,0.21,S
206378,0.376,18.76,0.414,
207945,0.423,19.61,0.161,
209924,1.861,16.29,0.185,
211871,0.411,18.85,0.315,
212359,1.261,16.72,0.232,
214088,2.423,15.34,0.25,
215442,1.075,18.53,0.08,
215588,0.488,19.42,0.118,
215757,0.78,17.88,0.241,
217628,1.4,16.68,,
218017,0.451,19.82,0.115,
218863,1.237,16.34,0.418,
219071,0.657,17.2,0.383,
220124,0.609,18.76,0.208,
221980,0.432,19.11,0.2,
225416,1.651,17.36,0.094,
226554,0.482,19.62,0.125,
228502,0.302,20.41,0.194,
230118,1.166,17.09,0.15,
230549,0.217,20.78,0.216,
230979,1.522,16.58,0.207,
231937,0.55,17.51,,
232382,1.123,17.25,0.154,
234061,2.9,17.69,0.019,
234145,0.344,21.58,0.045,
234341,0.344,18.93,0.493,
235086,1.024,17.36,0.168,
235756,1.136,18.58,0.042,
237551,0.63,18.44,0.234,
237805,0.703,17.4,0.43,
238063,1.47,16.57,0.225,
238456,0.328,19.43,0.312,
239849,0.45,18.65,0.317,
241370,0.764,17.42,0.224,
241596,1.548,17.23,0.105,
241662,0.898,17.66,0.2,
242147,1.687,17.03,0.108,
242187,0.605,17.99,0.334,
242191,0.37,19.02,0.334,
242450,2.914,14.64,0.274,
242643,1.989,17.39,0.041,
243025,2.123,16.05,0.139,
243147,0.912,17.39,0.28,
243566,0.881,17.37,0.091,
244977,0.495,18.36,0.235,
246138,0.588,18.25,0.269,
247156,1.655,18.16,0.033,
247517,0.269,19.59,0.357,
248083,2.358,16.13,0.126,
248590,4.726,16.26,0.018,
248926,2.907,17.13,0.04,
249886,1.201,17.62,0.051,
250458,0.63,18.0,0.282,
250614,1.617,16.22,0.269,
250620,0.654,18.07,0.26,
250680,0.398,19.63,0.147,
250706,0.535,18.55,0.322,
252399,0.291,19.41,0.478,
252558,0.533,20.36,0.062,
254419,0.629,17.76,0.408,
256412,4.444,16.93,0.014,
260277,0.47,18.27,0.419,
262623,0.761,18.64,0.122,
263976,0.785,18.34,0.125,
264357,0.113,21.17,0.037,
265196,0.361,18.84,0.31,
267221,0.562,19.85,0.097,
267337,0.439,18.05,0.578,
269690,0.888,18.47,0.098,
271480,0.709,17.66,0.352,
274138,0.747,17.77,0.24,
275611,1.483,18.15,0.046,
275974,0.626,18.68,0.216,
275976,2.381,16.17,0.094,
276049,3.5,16.64,0.07,C
276468,1.034,18.07,0.114,
276703,0.521,19.3,0.124,
276786,1.72,17.83,0.05,
277039,0.676,18.55,0.156,
277570,0.439,19.34,0.177,
277616,1.236,17.41,0.119,
277617,0.666,18.23,0.19,
285331,0.654,18.19,0.198,
285339,0.614,18.07,0.268,
285944,1.044,16.7,0.407,
294739,0.74,17.04,0.425,
297274,1.199,16.93,0.234,
297300,0.32,19.29,,
297418,0.407,18.51,0.388,
299582,0.622,18.23,0.288,
301844,0.4,19.7,,
303174,1.504,16.72,0.163,
303248,0.817,18.02,0.084,
303450,0.187,20.51,0.317,
304153,2.054,17.81,0.033,
304330,0.78,18.91,0.08,
306462,0.476,18.64,0.379,
307070,0.282,20.63,0.117,
307493,1.666,18.57,0.023,
307918,0.374,19.02,0.358,
308635,0.4,21.91,,C
310560,0.654,17.8,0.313,
311321,0.583,18.61,0.172,
311554,0.382,18.72,0.401,
312070,0.595,19.4,0.087,
315098,0.993,16.67,0.313,
315508,0.836,20.14,0.023,
322763,1.252,17.21,0.196,
322775,1.632,17.27,0.069,C
323179,1.17,18.1,0.068,
325102,0.361,20.17,0.124,
326388,1.142,18.38,0.071,
326683,0.518,18.48,0.315,
329915,1.012,17.05,0.249,
331792,1.275,15.9,0.499,
332775,0.467,19.7,0.098,
333578,0.204,20.18,0.352,
333889,0.919,18.24,0.11,
334673,0.57,17.98,0.376,
337119,0.521,18.6,0.235,
337248,0.846,20.08,0.025,
338347,1.42,18.31,0.046,
341843,0.4,20.05,0.137,
343166,0.67,17.42,0.431,
345646,0.413,19.74,0.117,
345705,0.406,18.58,0.402,
345722,0.653,18.23,0.258,
345813,1.377,17.8,0.069,
349068,0.496,18.3,0.343,
349074,1.081,18.39,0.067,
349219,0.583,18.13,0.272,
349925,0.92,17.34,0.229,
350513,1.77,18.06,0.043,X
355770,1.199,18.35,0.054,
356394,1.071,17.46,0.152,
357022,0.432,19.07,0.217,S
357024,0.255,19.47,0.43,
360191,0.4,21.08,,
361538,0.479,18.67,0.313,
363024,0.558,19.42,0.099,
363027,0.578,19.58,0.059,
363505,1.876,18.47,0.029,
363599,0.152,21.05,0.306,
363626,0.633,18.92,0.135,
363814,1.105,17.97,0.1,
363831,0.371,19.33,0.268,
364762,1.047,19.38,0.028,
364877,0.786,17.34,0.317,
365071,0.674,18.18,0.246,
365424,0.212,21.91,0.075,
365449,0.215,20.28,0.264,
366774,0.859,17.87,0.199,
367248,0.386,20.21,0.119,
367684,0.498,18.07,0.412,
368184,0.381,19.36,0.193,
369264,1.515,16.34,0.232,
369454,0.846,19.09,0.036,
371336,1.137,17.38,0.18,
371660,0.23,21.09,0.16,
373135,1.05,19.52,0.025,
374449,0.414,19.39,0.179,
377732,0.986,17.06,0.288,
380188,1.312,18.81,0.037,X
381181,0.602,19.68,0.064,
381677,0.472,18.36,0.346,
381906,0.52,17.8,0.451,
381989,0.783,19.87,0.02,
385186,0.811,17.64,0.223,S
385268,3.2,15.81,0.08,
385343,1.359,16.55,0.334,
385402,1.597,17.19,0.11,
386454,0.367,20.03,0.128,
386720,0.964,17.04,0.244,
386847,0.663,18.06,0.211,
387505,1.06,18.78,0.074,
387733,0.344,18.93,0.411,
387746,0.366,20.13,0.132,
388185,2.75,17.79,0.019,
388189,0.315,20.53,0.123,
388838,0.378,19.62,0.196,
389694,0.451,18.2,0.456,
390725,0.293,19.69,0.271,
391151,1.745,17.23,0.084,
391211,0.412,18.48,0.415,
393359,0.774,19.44,0.062,
393569,0.551,20.3,0.048,
394130,1.218,17.22,0.157,
394392,0.636,18.37,0.174,
395143,0.636,18.95,0.124,
395207,0.724,19.61,0.022,
397237,1.18,16.76,0.269,
398188,0.462,19.33,0.137,
399325,0.669,20.18,0.039,
399433,1.339,18.58,0.021,X
401857,4.2,16.14,0.046,
401925,0.475,18.48,0.342,
406952,0.772,17.11,0.429,
407324,0.281,20.58,0.141,
408751,0.399,19.02,0.278,
409256,1.887,18.42,0.026,
409836,0.554,18.07,0.331,
410088,1.032,18.2,0.095,
410777,0.472,22.18,0.01,
410778,1.457,18.15,0.048,
411165,0.159,22.09,0.121,
411201,0.658,17.8,0.31,
411611,0.358,18.75,0.415,
413038,1.237,16.94,0.301,S
413123,1.258,18.99,0.03,C
413192,2.16,16.91,0.043,
413421,1.9,18.27,0.023,
413820,0.659,19.65,0.049,
414286,0.369,18.59,0.471,
414287,1.974,17.73,0.038,
414429,2.866,18.02,0.015,
414586,0.996,16.13,0.709,
414746,1.8,17.86,0.019,
414772,1.466,19.14,0.019,
415711,0.346,19.01,0.371,
415986,1.072,18.03,0.088,
416071,0.803,18.05,0.189,
416567,2.538,17.13,0.036,
416694,2.292,17.67,0.031,
416801,0.906,19.64,0.031,
417264,1.93,17.06,0.062,
417634,0.418,18.57,0.154,
418094,0.89,19.65,0.042,
418797,0.789,19.41,0.063,
418929,1.432,17.03,0.137,
419472,0.459,19.97,0.088,
419624,0.357,20.44,0.084,
419880,0.982,19.83,0.026,
422638,0.193,21.09,0.195,
422686,0.176,21.6,0.143,
422699,0.619,18.28,0.22,
423321,0.202,20.9,0.212,
424089,2.314,17.56,0.027,
424392,0.239,22.11,0.054,
428223,2.525,16.02,0.101,
429073,2.498,17.23,0.041,
429382,0.448,18.34,0.463,
429746,1.275,17.27,0.131,
431107,1.266,17.69,0.092,
433953,0.259,20.91,0.115,
433992,0.827,17.93,0.144,
434096,0.528,18.15,0.431,
434632,1.15,19.88,0.019,
434633,0.31,20.7,0.039,
434740,0.997,19.49,0.031,
435404,0.921,18.63,0.083,
436030,0.295,19.42,0.296,
436324,0.369,19.44,0.205,
436325,0.452,18.36,0.378,
436329,0.622,20.09,0.012,
436671,2.159,18.0,0.024,
436761,2.773,18.2,0.013,
437879,1.82,17.72,0.044,
437994,1.078,17.48,0.2,
438107,0.663,18.36,0.191,
438897,0.946,18.83,0.06,
438902,2.226,17.5,0.047,
438990,0.818,18.34,0.126,
439889,0.59,20.38,0.046,
439898,0.53,19.99,0.063,
441952,2.246,18.39,0.017,
441987,0.228,21.35,0.071,
442037,0.695,19.26,0.063,
442605,0.44,19.29,0.209,
442742,2.003,17.81,0.04,
443806,0.288,21.72,0.034,
443837,0.253,19.68,0.399,
443880,0.228,19.38,0.593,
443923,3.316,17.57,0.018,
444193,0.437,18.19,0.503,
445025,2.098,17.43,0.04,
445305,0.762,19.81,0.025,
450159,0.735,19.03,0.09,
450237,0.096,23.18,0.134,
450238,1.25,18.35,0.059,
451124,2.188,18.08,0.023,
451217,2.72,17.0,0.038,
452313,1.514,18.6,0.031,
452389,0.846,18.15,0.156,
452639,2.249,18.14,0.018,
453687,0.948,19.39,0.037,
453707,0.495,18.73,0.261,
454078,2.959,17.39,0.02,
454094,0.167,21.87,0.11,
454100,0.548,20.18,0.054,
455185,0.599,17.35,0.056,
455192,1.082,18.36,0.121,
455299,0.537,18.05,0.386,
455426,0.685,18.76,0.137,
455594,1.625,17.91,0.042,
455795,1.242,18.84,0.035,
456537,0.308,19.63,0.242,
457647,1.958,17.9,0.031,
458135,0.304,20.27,0.23,
458436,1.102,17.45,0.159,
459683,0.269,19.79,0.322,
462041,1.847,17.36,0.052,
462238,0.227,20.66,0.197,
462775,0.579,19.39,0.028,
463664,0.868,18.64,0.085,
464797,0.726,18.3,0.16,
464798,1.109,19.37,0.028,
464885,0.384,19.47,0.19,
465098,2.073,16.62,0.097,
465749,2.49,17.32,0.034,
465826,0.15,21.09,0.285,
467352,0.47,21.34,0.026,
467372,0.874,18.11,0.146,
468117,0.493,19.18,0.139,
468468,0.197,22.01,0.072,
468727,0.308,20.76,0.108,
469445,0.143,22.14,0.136,
469494,0.758,20.09,0.028,
469513,0.297,20.87,0.087,
471083,0.244,20.04,0.271,
471241,1.451,18.58,0.044,
474425,0.358,18.84,0.368,
474549,1.488,18.07,0.06,
475016,0.164,22.06,0.094,
475950,0.389,18.85,0.353,
476438,0.433,20.34,0.065,
477490,0.652,20.59,0.017,
477491,0.739,17.99,0.25,
477519,0.321,19.15,0.327,
477524,0.991,18.67,0.054,
477588,0.692,19.39,0.093,
477762,0.326,19.74,0.201,
480936,0.537,20.26,0.056,
481327,0.216,19.9,0.378,
482054,0.413,19.47,0.18,
482055,1.855,18.5,0.022,
482111,0.383,19.44,0.209,
483508,0.202,20.02,0.433,
484402,0.452,19.68,0.125,
485110,0.356,20.93,0.055,
488494,0.766,18.74,0.1,
488789,1.039,18.98,0.038,
488803,0.209,20.48,0.283,
489203,1.52,18.65,0.019,
490581,0.237,20.85,0.314,
492478,1.084,19.71,0.024,
495858,0.342,18.83,0.548,
496174,0.657,18.46,0.179,
496816,0.3,20.54,,
496817,0.4,19.99,,
496837,0.337,20.83,0.062,
496962,0.175,20.31,0.439,
498066,0.589,18.55,0.268,
498143,1.531,18.8,0.023,
499490,1.202,18.98,0.031,
499496,0.357,19.49,0.22,
499582,0.461,20.53,0.044,
501878,2.177,17.25,0.049,
503941,0.26,19.62,0.376,
504800,0.38,21.48,0.032,
504827,0.615,19.09,0.092,
504994,1.492,18.41,0.035,
505093,0.556,20.2,0.052,
505657,0.971,18.48,0.068,
505667,0.82,17.82,0.182,
506074,0.665,18.9,0.11,
506590,0.099,21.97,0.287,
510055,0.2,21.46,0.094,
510073,0.451,18.56,0.316,
510262,1.284,19.2,0.02,
511008,1.647,18.55,0.028,
511243,1.195,18.91,0.037,
511684,0.315,20.77,0.093,
511777,0.194,20.14,0.358,
511808,0.746,18.67,0.105,
513550,1.451,17.18,0.111,
514041,5.272,15.65,0.037,
514652,0.741,18.31,0.154,
515049,0.351,19.3,0.273,
516803,0.463,19.52,0.144,
516984,1.824,18.26,0.04,
518507,0.794,19.94,0.034,
518810,0.083,21.85,0.448,
520808,0.704,20.01,0.032,
523589,1.851,17.79,0.047,
523595,0.658,18.37,0.195,
523631,0.564,18.94,0.167,
523632,0.309,21.51,0.042,
523636,0.55,19.42,0.086,
523637,0.602,19.53,0.059,
523664,0.346,18.52,0.536,
523747,0.873,18.82,0.077,
523775,0.279,19.11,0.569,
523816,0.851,18.14,0.141,
523826,0.3,20.34,,
529668,1.778,17.89,0.047,
529718,1.77,16.83,0.129,
529720,0.361,21.33,0.037,
529753,0.363,19.65,0.178,
529819,0.259,20.86,0.095,
530531,0.28,20.24,0.187,
530871,1.434,17.25,,
530938,0.413,19.29,0.197,
532874,0.31,19.64,0.266,
533722,0.701,18.11,0.249,
534676,0.691,18.53,0.123,
535148,0.861,18.38,0.114,
537829,0.312,19.51,0.214,
538212,0.654,19.35,0.079,
612929,1.201,18.95,0.034,
613726,0.26,21.34,0.072,
613939,0.322,19.25,0.355,
613995,0.193,22.85,0.023,
614316,0.382,20.25,0.111,
614521,0.28,19.92,0.225,
614599,1.671,18.31,0.03,
614603,1.168,18.52,0.057,
614643,0.493,18.87,0.241,
618348,0.16,20.22,0.495,
620091,1.248,17.87,0.094,
620094,1.374,18.98,0.031,
666241,0.118,22.04,0.205,
675481,0.492,17.82,0.563,
676261,1.99,17.89,0.031,
676362,0.686,19.96,0.041,
706765,0.379,20.78,0.059,
723661,0.848,18.84,,
726196,0.615,20.02,0.035,
738442,2.73,17.21,0.024,
741537,0.307,19.41,0.246,
749081,0.453,18.93,0.26,
749593,0.233,20.04,0.296,
750500,0.242,21.38,0.091,
753131,1.403,18.87,0.023,
778852,0.511,20.47,0.043,
786229,0.936,19.49,0.032,
828534,1.316,19.47,0.018,
831781,0.731,19.77,0.04,
832994,0.285,19.36,0.378,
833009,0.277,19.64,0.334,
833459,0.543,19.72,0.086,
841631,1.417,19.02,0.02,
841703,0.62,19.25,0.088,
842528,2.23,17.33,0.037,
843003,0.199,20.87,0.195,
843651,0.681,17.72,0.289,
861128,4.613,16.27,0.019,
862524,0.296,19.26,0.461,
875163,0.383,20.88,0.058,
877413,0.313,19.27,0.377,
877685,0.124,21.55,0.29,
878228,3.079,18.09,0.012,
883088,0.174,20.91,0.304,
883378,1.862,18.24,0.011,
1996 GQ,0.208,23.19,0.024,
1998 KY26,0.011,25.91,0.52,
1998 WB2,0.15,21.85,0.151,
1999 XK136,0.811,20.56,0.02,
2000 AA6,0.316,22.44,0.026,
2000 AG205,0.955,19.58,0.026,
2000 GW127,0.477,19.4,0.135,
2000 RE52,0.149,22.33,0.095,
2001 SJ262,0.34,19.9,0.177,C
2002 AO11,0.175,23.05,0.048,
2002 BF25,0.152,22.62,0.1,
2002 BM26,0.84,20.1,0.023,X
2002 CT46,0.16,20.8,0.32,S
2002 CX58,0.13,22.3,0.126,
2002 JR100,0.028,24.3,0.441,
2003 CC11,1.129,19.09,0.032,
2003 RW11,1.507,18.7,0.026,
2003 SS214,0.856,20.22,0.022,
2004 BZ74,0.962,18.27,0.11,
2004 MX2,1.258,19.3,0.021,
2004 SC56,0.291,22.7,0.017,
2004 XK14,0.24,22.44,0.034,
2005 QL,1.847,18.79,0.017,
2006 KL89,0.965,18.64,0.056,
2006 OF5,1.415,19.17,0.017,
2006 OG15,0.365,19.82,0.159,
2006 UR217,0.887,19.84,0.027,
2007 RU10,0.922,19.2,0.048,
2007 VG189,0.505,19.51,0.065,
2007 WE55,0.687,20.06,0.031,
2007 YZ,0.532,19.53,0.09,
2008 QS11,0.453,19.93,0.094,
2008 US4,0.516,20.96,0.029,
2008 WB59,0.407,19.14,0.203,
2009 FY4,0.129,21.0,0.421,
2009 SP,0.485,19.4,0.119,
2009 UY19,0.105,23.43,0.063,
2009 WA,0.164,21.19,0.217,
2009 XD,0.615,18.78,0.154,
2010 AN2,0.123,22.19,0.155,
2010 AE30,0.05,23.6,0.259,
2010 AJ30,0.111,22.7,0.12,
2010 AG40,0.089,22.01,0.319,
2010 AG79,0.892,20.04,0.018,
2010 BC,0.08,22.2,0.433,
2010 BH2,0.363,19.61,0.213,
2010 CK1,0.084,24.0,0.063,
2010 CH18,0.394,18.98,0.286,
2010 CC19,0.104,22.46,0.196,
2010 CN44,0.34,19.72,0.185,
2010 CO44,0.034,24.6,0.218,
2010 CA55,0.352,22.2,,
2010 CB55,0.198,22.69,0.037,
2010 CC55,0.242,22.44,0.033,
2010 CD55,0.083,23.36,0.145,
2010 CF55,0.176,21.68,0.119,
2010 CP140,0.556,19.44,0.11,
2010 CN141,0.254,22.4,0.03,
2010 CJ171,0.134,21.08,0.358,
2010 DL,0.019,27.0,0.08,
2010 DO,0.149,21.66,0.176,
2010 DX1,0.167,21.61,0.146,
2010 DM21,0.303,20.26,0.133,
2010 DK34,0.283,20.4,0.152,
2010 DH56,0.774,20.31,0.022,
2010 DH77,0.52,21.06,0.009,
2010 DJ77,0.277,21.59,,
2010 EX11,0.04,24.11,0.234,
2010 EG21,0.09,24.5,0.038,
2010 EC43,0.051,23.0,0.434,
2010 EK43,0.233,21.67,0.068,
2010 FC,0.093,24.0,0.051,
2010 FK,0.087,23.8,0.071,
2010 FQ,0.285,19.99,0.204,
2010 FS,0.023,24.2,0.548,
2010 FT,0.018,25.7,0.294,
2010 FD6,0.008,26.8,0.497,
2010 FD7,0.075,22.1,0.448,
2010 FE7,0.045,23.8,0.288,
2010 FR9,0.015,26.1,0.287,
2010 FW9,0.024,26.7,0.075,
2010 FX9,0.03,24.06,0.425,
2010 FF10,0.095,21.8,0.407,
2010 FX80,0.676,20.37,0.022,
2010 FY80,0.451,19.56,0.118,
2010 FZ80,0.867,20.33,0.018,
2010 FA81,0.097,22.42,0.224,
2010 FB81,0.319,21.36,0.048,
2010 FC81,0.402,21.91,0.021,
2010 FG81,0.105,23.05,0.058,
2010 FJ81,0.416,20.48,0.049,
2010 FO92,0.268,20.05,0.277,
2010 GZ5,0.071,22.96,0.281,
2010 GB6,0.134,22.07,0.142,
2010 GT6,0.116,21.4,0.3,
2010 GU6,0.252,20.69,0.147,
2010 GA7,0.151,21.27,0.256,
2010 GH7,0.008,27.35,0.326,
2010 GS7,0.203,21.51,0.107,
2010 GT7,0.216,20.19,0.326,
2010 GU21,0.51,21.14,0.025,
2010 GK23,0.277,19.7,0.303,
2010 GL23,0.092,22.8,0.159,
2010 GX23,0.06,23.0,0.334,
2010 GF25,1.127,19.3,0.018,
2010 GP67,0.251,22.36,0.034,
2010 GQ75,0.372,20.2,0.106,
2010 GV147,2.055,18.27,0.018,
2010 HA,0.032,23.9,0.482,
2010 HC,0.128,21.3,0.328,
2010 HV20,0.465,21.93,0.016,
2010 HD33,0.563,18.33,0.267,
2010 HW81,0.352,20.26,0.039,
2010 HZ104,0.14,22.5,0.09,
2010 HX107,0.064,23.54,0.187,
2010 JE,0.406,20.27,0.09,
2010 JG,0.192,20.95,0.209,
2010 JH3,0.039,25.31,0.087,
2010 JJ3,0.032,23.7,0.609,
2010 JK33,0.208,21.03,0.148,
2010 JN33,0.286,20.5,0.086,
2010 JV34,0.226,20.85,0.165,
2010 JA35,0.309,20.49,0.107,
2010 JW39,0.039,24.63,0.187,
2010 JL41,0.359,20.64,0.073,
2010 JN71,0.214,21.42,0.106,
2010 JO71,0.037,23.98,0.349,
2010 JF87,0.945,19.12,0.041,
2010 JG87,0.408,19.2,0.202,
2010 JH87,0.428,19.53,0.127,
2010 KH,0.645,19.48,0.029,
2010 KU7,0.102,22.24,0.224,
2010 KV7,0.013,26.0,0.397,
2010 KA8,0.183,21.4,0.147,
2010 KP10,0.087,23.1,0.101,
2010 KY39,0.685,20.15,0.029,
2010 KB61,0.417,20.41,0.065,
2010 KK127,0.501,20.7,0.034,
2010 KD149,0.213,21.48,0.118,
2010 LH14,0.101,22.08,0.274,
2010 LQ33,0.872,19.56,0.04,
2010 LK34,0.108,21.91,0.271,
2010 LJ61,0.192,21.0,0.208,
2010 LK61,0.191,21.79,0.084,
2010 LZ63,0.877,20.2,0.021,
2010 LB64,0.088,21.76,0.477,
2010 LG64,0.94,20.23,0.015,
2010 LJ68,0.193,22.7,0.039,
2010 LK68,0.236,22.42,0.032,
2010 LL68,0.153,22.88,0.063,
2010 LO97,1.629,18.76,0.02,
2010 LU108,0.825,19.95,0.026,
2010 LV108,0.234,22.36,0.029,
2010 LU134,0.317,19.31,0.443,
2010 MG1,0.053,23.34,0.301,
2010 MP1,0.104,21.5,0.518,
2010 MY1,0.043,23.88,0.265,
2010 MU111,1.947,18.43,0.015,
2010 MU112,0.599,20.79,0.028,
2010 MA113,0.903,21.92,,
2010 NA,0.32,20.7,0.109,
2010 NG1,0.229,20.29,0.142,
2010 NK1,0.219,22.41,0.04,
2010 NU1,0.286,21.1,0.072,
2010 NB2,0.21,20.1,0.303,
2010 OC,0.344,19.11,0.342,
2010 OA1,0.663,23.5,,
2010 OP1,1.188,19.16,0.025,
2010 OQ1,0.539,19.09,0.153,
2010 OE22,0.174,21.23,0.176,
2010 OL100,0.308,19.5,0.246,
2010 OC101,0.148,20.77,0.384,
2010 OD101,0.198,20.72,0.217,
2010 OF101,0.303,19.73,0.231,
2010 OL101,0.195,20.4,0.321,
2010 ON101,0.238,20.39,0.225,
2010 OH126,0.218,21.3,0.103,
2010 OK126,0.854,20.56,0.013,
2010 PK9,0.143,21.81,0.138,
2010 PU66,0.18,22.19,0.079,
2010 PY75,0.758,18.5,0.102,
2010 QE2,2.156,17.45,0.05,
2010 QG2,0.038,24.67,0.228,
2010 QA5,0.35,22.16,0.014,
2010 TN4,0.018,27.5,0.062,
2010 TU149,0.603,20.68,0.025,
2010 UY6,0.712,20.11,0.03,
2010 UC7,0.043,24.68,0.129,
2010 UB8,1.122,19.25,0.02,
2010 VZ,0.38,19.31,0.194,
2010 VT11,0.152,21.7,0.189,
2010 VZ71,0.237,19.69,,
2010 VK139,0.055,23.71,0.196,
2010 WB,0.057,24.1,0.126,
2010 WE9,0.608,19.97,0.052,
2010 XP69,0.273,20.88,0.065,
2010 XY82,0.453,19.17,0.18,
2010 YD,0.026,26.6,0.06,
2010 YC1,0.227,21.22,0.029,
2010 YD3,0.755,19.68,0.031,
2011 AV55,0.063,23.5,0.176,
2011 BY24,0.195,22.88,0.042,
2011 BN59,0.994,20.46,0.013,
2011 LA19,0.852,19.17,0.056,
2011 QP96,0.617,18.63,0.158,
2011 YB40,0.424,19.17,0.225,
2012 CC17,0.231,20.5,0.208,
2012 LZ1,1.252,19.91,0.012,
2012 UR158,0.629,20.67,0.023,
