spkid,class,moid_anomaly_yn,e_anomaly_yn,i_anomaly_yn,anomaly_flag
20001580,AMO,N,N,Y,1
20001863,APO,Y,N,N,1
20001864,APO,Y,N,N,1
20001866,APO,N,N,Y,1
20001981,APO,N,N,Y,1
20002100,ATE,Y,N,N,1
20002102,APO,N,N,Y,1
20003200,APO,N,Y,N,1
20003552,AMO,N,Y,N,1
20003553,AMO,N,N,Y,1
20003554,ATE,Y,N,N,1
20003752,APO,N,N,Y,1
20004257,APO,N,N,Y,1
20004341,APO,Y,N,N,1
20004544,APO,Y,N,N,1
20004596,AMO,N,N,Y,1
20004957,AMO,Y,N,Y,1
20005131,APO,Y,N,Y,1
20005381,ATE,N,N,Y,1
20005496,APO,N,N,Y,1
20005660,APO,N,N,Y,1
20005786,APO,Y,N,N,1
20005828,APO,Y,N,N,1
20006053,APO,Y,N,N,1
20006455,APO,Y,N,Y,1
20007482,APO,N,N,Y,1
20007822,APO,N,N,Y,1
20007889,APO,N,N,Y,1
20008035,APO,Y,N,N,1
20008176,APO,Y,N,Y,1
20008507,APO,Y,N,N,1
20008566,APO,N,N,Y,1
20009202,APO,Y,N,Y,1
20009400,AMO,N,N,Y,1
20010150,AMO,N,N,Y,1
20010165,APO,Y,N,N,1
20010563,APO,N,N,Y,1
20011066,APO,N,N,Y,1
20012711,APO,N,N,Y,1
20016816,APO,Y,N,N,1
20016960,APO,N,Y,N,1
20018172,AMO,Y,N,N,1
20018882,AMO,Y,N,Y,1
20021088,AMO,N,N,Y,1
20023183,AMO,N,N,Y,1
20023187,APO,N,N,Y,1
20025330,APO,Y,N,N,1
20027346,AMO,Y,N,Y,1
20030997,APO,Y,N,Y,1
20032906,AMO,Y,N,N,1
20036183,AMO,N,N,Y,1
20036236,APO,Y,N,Y,1
20036284,APO,Y,N,Y,1
20037336,AMO,N,N,Y,1
20038086,APO,Y,N,N,1
20040267,APO,N,N,Y,1
20052762,APO,N,N,Y,1
20053110,AMO,Y,N,Y,1
20053430,AMO,N,N,Y,1
20053789,APO,N,N,Y,1
20054660,AMO,N,N,Y,1
20054686,AMO,Y,N,N,1
20054690,AMO,Y,N,Y,1
20055532,APO,Y,N,Y,1
20066008,APO,N,N,Y,1
20066063,ATE,N,Y,N,1
20066253,APO,Y,N,N,1
20066272,AMO,Y,N,Y,1
20066391,ATE,N,Y,Y,1
20068267,APO,N,N,Y,1
20068348,APO,Y,Y,N,1
20085770,ATE,N,N,Y,1
20085804,AMO,Y,N,N,1
20085818,APO,N,N,Y,1
20085953,ATE,N,Y,N,1
20085989,ATE,N,Y,N,1
20086067,AMO,Y,N,N,1
20086324,AMO,N,N,Y,1
20086667,ATE,Y,N,N,1
20086829,APO,Y,N,N,1
20087025,APO,Y,N,N,1
20087309,ATE,Y,N,Y,1
20087684,ATE,N,Y,N,1
20088213,ATE,Y,N,N,1
20088263,AMO,Y,N,Y,1
20088710,APO,Y,N,N,1
20088959,APO,N,N,Y,1
20089355,AMO,Y,N,N,1
20089830,AMO,N,N,Y,1
20089958,APO,N,Y,N,1
20089959,APO,N,N,Y,1
20090147,APO,Y,N,N,1
20096536,APO,Y,N,Y,1
20096744,APO,Y,N,Y,1
20099907,ATE,Y,N,N,1
20100004,APO,Y,N,N,1
20101873,AMO,Y,N,Y,1
20103067,APO,N,N,Y,1
20105140,ATE,Y,Y,Y,1
20108906,APO,Y,N,N,1
20111253,APO,N,N,Y,1
20112221,AMO,N,N,Y,1
20112985,AMO,Y,N,Y,1
20115052,AMO,Y,N,N,1
20136582,AMO,N,Y,N,1
20136773,AMO,Y,N,N,1
20136793,APO,Y,N,N,1
20136874,APO,Y,Y,N,1
20136897,AMO,N,N,Y,1
20137078,APO,Y,N,N,1
20137084,APO,Y,N,N,1
20137099,APO,Y,N,N,1
20137108,APO,N,N,Y,1
20137125,AMO,Y,N,N,1
20137158,APO,Y,N,N,1
20137170,ATE,Y,N,N,1
20137427,APO,N,N,Y,1
20137799,AMO,N,Y,N,1
20137802,AMO,Y,N,N,1
20137924,ATE,N,Y,N,1
20137925,APO,Y,N,N,1
20138095,AMO,N,N,Y,1
20138155,AMO,Y,N,N,1
20138258,ATE,N,N,Y,1
20138325,APO,Y,N,N,1
20138359,APO,Y,N,N,1
20138846,APO,Y,N,N,1
20138911,AMO,N,Y,N,1
20138925,AMO,N,N,Y,1
20138947,APO,Y,N,N,1
20139047,AMO,N,N,Y,1
20139289,APO,Y,Y,N,1
20139345,APO,Y,N,N,1
20139359,APO,N,Y,N,1
20140288,APO,N,N,Y,1
20140333,ATE,Y,N,N,1
20141079,APO,Y,N,N,1
20141484,ATE,Y,N,N,1
20141498,ATE,Y,N,N,1
20141525,APO,N,N,Y,1
20141526,APO,Y,N,N,1
20141531,ATE,Y,N,N,1
20141765,AMO,Y,N,N,1
20141851,APO,N,Y,N,1
20142555,AMO,Y,N,N,1
20142781,AMO,N,N,Y,1
20143624,APO,N,N,Y,1
20143637,APO,Y,Y,Y,1
20143649,APO,N,N,Y,1
20144332,APO,N,N,Y,1
20144861,APO,Y,N,Y,1
20144900,ATE,N,Y,Y,1
20152558,AMO,N,N,Y,1
20152742,ATE,N,Y,N,1
20152889,APO,Y,N,Y,1
20152931,ATE,Y,N,N,1
20152952,AMO,N,N,Y,1
20153195,APO,N,N,Y,1
20153201,ATE,N,Y,N,1
20153219,AMO,N,N,Y,1
20153243,APO,Y,N,Y,1
20153249,APO,N,N,Y,1
20153271,APO,Y,N,N,1
20153306,AMO,Y,N,N,1
20153315,APO,N,N,Y,1
20153415,ATE,N,N,Y,1
20153953,APO,Y,N,N,1
20153957,APO,N,N,Y,1
20154029,APO,N,N,Y,1
20154035,APO,Y,N,Y,1
20154144,AMO,Y,N,N,1
20154268,APO,Y,N,N,1
20154278,APO,Y,N,N,1
20154347,APO,Y,N,N,1
20154453,APO,Y,N,N,1
20154555,APO,N,N,Y,1
20154631,APO,Y,N,N,1
20154652,APO,Y,N,N,1
20155140,APO,N,Y,N,1
20159399,AMO,N,N,Y,1
20159454,AMO,N,N,Y,1
20159459,APO,Y,N,Y,1
20159518,AMO,N,N,Y,1
20159560,AMO,Y,N,N,1
20159608,AMO,N,N,Y,1
20159609,AMO,N,N,Y,1
20159686,APO,Y,N,N,1
20159699,APO,Y,N,N,1
20159928,APO,Y,N,N,1
20159929,AMO,N,N,Y,1
20162004,ATE,N,Y,N,1
20162015,ATE,Y,N,N,1
20162080,ATE,Y,N,N,1
20162142,ATE,Y,N,N,1
20162161,AMO,Y,N,Y,1
20162186,AMO,Y,N,N,1
20162215,APO,Y,N,N,1
20162269,APO,N,N,Y,1
20162470,APO,Y,N,Y,1
20162474,APO,N,N,Y,1
20162483,ATE,Y,N,Y,1
20162510,APO,N,N,Y,1
20162679,APO,Y,N,N,1
20162694,ATE,Y,N,Y,1
20162740,AMO,N,N,Y,1
20162873,AMO,N,Y,N,1
20162903,APO,N,N,Y,1
20162926,AMO,Y,N,Y,1
20162980,APO,Y,N,N,1
20163000,AMO,N,Y,N,1
20163132,APO,N,N,Y,1
20163250,AMO,N,N,Y,1
20163335,APO,Y,N,Y,1
20163412,AMO,N,N,Y,1
20163454,APO,Y,N,N,1
20163691,AMO,N,N,Y,1
20163732,APO,N,N,Y,1
20163758,APO,N,N,Y,1
20164121,APO,N,N,Y,1
20164201,APO,Y,Y,Y,1
20164217,AMO,N,N,Y,1
20164342,APO,Y,N,N,1
20168044,ATE,Y,N,Y,1
20169352,APO,N,N,Y,1
20170013,APO,Y,N,N,1
20170502,APO,N,Y,N,1
20172718,AMO,Y,N,N,1
20174050,AMO,N,N,Y,1
20174881,APO,Y,N,Y,1
20177651,APO,Y,N,Y,1
20184990,APO,Y,N,Y,1
20185702,AMO,Y,N,N,1
20185716,AMO,Y,N,Y,1
20185853,AMO,N,N,Y,1
20186823,APO,Y,N,N,1
20188174,ATE,N,N,Y,1
20189058,AMO,Y,N,N,1
20189173,APO,N,N,Y,1
20190119,APO,Y,Y,N,1
20191094,APO,N,N,Y,1
20193178,APO,Y,N,N,1
20196068,APO,N,N,Y,1
20196256,AMO,N,N,Y,1
20197588,APO,N,N,Y,1
20202411,APO,Y,N,N,1
20202435,APO,Y,N,N,1
20204232,APO,Y,N,N,1
20206359,AMO,Y,N,N,1
20208565,APO,Y,N,Y,1
20212359,APO,Y,N,N,1
20213869,APO,N,N,Y,1
20215167,AMO,Y,N,N,1
20215442,ATE,Y,N,Y,1
20216707,AMO,Y,N,N,1
20217013,AMO,N,N,Y,1
20217796,AMO,N,N,Y,1
20217837,APO,Y,N,N,1
20219021,APO,Y,N,Y,1
20219071,APO,Y,N,N,1
20220124,APO,N,N,Y,1
20222869,APO,N,N,Y,1
20225312,AMO,N,Y,N,1
20225416,APO,Y,N,Y,1
20225586,APO,Y,N,N,1
20228587,AMO,N,Y,N,1
20229007,APO,N,Y,N,1
20229672,APO,Y,N,Y,1
20230118,AMO,Y,N,N,1
20230599,APO,Y,N,N,1
20231134,APO,Y,N,N,1
20231792,AMO,N,N,Y,1
20231937,APO,N,N,Y,1
20234341,ATE,Y,N,N,1
20235756,APO,N,N,Y,1
20237551,APO,Y,N,Y,1
20237805,AMO,N,N,Y,1
20238063,APO,Y,N,N,1
20241596,AMO,Y,N,N,1
20242147,APO,Y,N,N,1
20242216,AMO,N,N,Y,1
20242450,APO,N,N,Y,1
20242643,APO,N,Y,N,1
20247517,ATE,N,Y,N,1
20248083,AMO,Y,N,N,1
20248590,APO,N,N,Y,1
20250458,APO,N,N,Y,1
20250577,APO,N,N,Y,1
20250614,APO,Y,N,Y,1
20252373,APO,Y,N,Y,1
20252793,AMO,N,N,Y,1
20253106,APO,N,N,Y,1
20253586,AMO,N,N,Y,1
20254417,APO,Y,N,Y,1
20254419,AMO,Y,N,Y,1
20262623,ATE,Y,N,N,1
20265032,APO,Y,N,Y,1
20265661,APO,Y,N,N,1
20267136,APO,Y,N,N,1
20267223,APO,N,Y,N,1
20267494,APO,N,N,Y,1
20275545,AMO,Y,N,N,1
20276033,APO,N,Y,N,1
20276049,APO,N,N,Y,1
20276111,AMO,Y,N,N,1
20276409,APO,Y,N,Y,1
20276468,AMO,Y,N,Y,1
20276732,APO,N,N,Y,1
20277039,APO,Y,N,N,1
20277142,APO,Y,N,N,1
20277473,AMO,Y,N,Y,1
20277617,APO,Y,N,N,1
20277958,APO,Y,N,N,1
20278327,APO,Y,N,Y,1
20279816,APO,N,N,Y,1
20280136,APO,Y,N,Y,1
20281070,APO,N,N,Y,1
20281365,APO,Y,N,N,1
20285110,AMO,Y,N,N,1
20285179,APO,Y,N,N,1
20285339,APO,Y,N,N,1
20285638,APO,Y,N,Y,1
20285944,AMO,N,N,Y,1
20285990,APO,Y,N,N,1
20286079,ATE,Y,N,Y,1
20288807,APO,N,N,Y,1
20289227,ATE,Y,Y,N,1
20292165,APO,Y,N,N,1
20294739,APO,N,N,Y,1
20296318,APO,N,N,Y,1
20302010,APO,Y,N,Y,1
20302156,APO,Y,N,N,1
20302169,ATE,N,Y,N,1
20303174,AMO,Y,N,N,1
20303250,ATE,N,Y,N,1
20303262,APO,Y,N,N,1
20303933,APO,Y,N,N,1
20304293,APO,Y,N,Y,1
20305090,AMO,Y,N,N,1
20306595,AMO,Y,N,N,1
20307005,APO,N,N,Y,1
20307918,ATE,Y,N,N,1
20308043,APO,Y,N,N,1
20309662,ATE,Y,N,N,1
20311044,APO,N,N,Y,1
20311321,AMO,Y,N,Y,1
20311555,APO,Y,N,N,1
20313276,ATE,Y,N,Y,1
20313809,APO,Y,N,N,1
20317643,APO,Y,N,N,1
20322913,AMO,Y,N,Y,1
20322966,AMO,N,N,Y,1
20325102,ATE,N,Y,N,1
20326291,AMO,N,Y,Y,1
20326332,AMO,N,N,Y,1
20326386,APO,Y,N,N,1
20326388,APO,Y,N,N,1
20326946,AMO,N,N,Y,1
20329340,AMO,N,Y,N,1
20329395,APO,N,N,Y,1
20329774,APO,Y,N,Y,1
20329915,ATE,N,Y,Y,1
20330233,APO,N,N,Y,1
20331471,APO,N,Y,N,1
20331509,AMO,Y,N,Y,1
20331792,AMO,Y,N,N,1
20332408,APO,N,N,Y,1
20333284,AMO,N,N,Y,1
20333478,ATE,Y,N,N,1
20333510,APO,Y,N,N,1
20333755,APO,Y,N,N,1
20333889,ATE,Y,Y,Y,1
20333908,AMO,N,N,Y,1
20334412,AMO,N,Y,N,1
20337053,APO,Y,N,N,1
20337118,APO,Y,N,Y,1
20337248,ATE,Y,N,N,1
20337557,AMO,N,N,Y,1
20338049,APO,Y,N,Y,1
20338176,AMO,Y,N,N,1
20338292,ATE,Y,N,N,1
20338567,AMO,N,N,Y,1
20339492,AMO,N,N,Y,1
20339715,APO,Y,N,N,1
20341816,AMO,Y,N,N,1
20343158,APO,N,N,Y,1
20344074,ATE,Y,N,N,1
20345813,APO,N,N,Y,1
20347634,APO,Y,N,N,1
20348304,AMO,Y,N,Y,1
20348461,APO,Y,Y,Y,1
20349068,APO,N,N,Y,1
20349074,APO,Y,N,N,1
20349219,APO,N,N,Y,1
20349925,APO,Y,N,N,1
20350964,AMO,N,N,Y,1
20350988,APO,Y,N,Y,1
20351278,APO,Y,N,N,1
20351331,APO,Y,N,N,1
20351370,APO,Y,Y,N,1
20351815,AMO,Y,N,N,1
20352102,APO,N,N,Y,1
20353947,APO,Y,N,Y,1
20354876,APO,Y,N,N,1
20356285,AMO,Y,N,N,1
20357022,APO,N,N,Y,1
20357618,APO,N,N,Y,1
20360502,ATE,Y,N,N,1
20361538,APO,N,N,Y,1
20361861,APO,Y,N,Y,1
20363067,APO,N,Y,N,1
20363617,APO,Y,N,Y,1
20363626,AMO,Y,N,Y,1
20363814,APO,Y,N,Y,1
20364136,ATE,N,Y,N,1
20364762,AMO,Y,N,Y,1
20364877,APO,N,Y,N,1
20365071,APO,N,Y,Y,1
20365246,APO,Y,Y,Y,1
20365449,ATE,Y,N,N,1
20369264,APO,N,N,Y,1
20369296,APO,N,Y,N,1
20369452,APO,Y,N,Y,1
20369454,APO,Y,N,Y,1
20369984,APO,Y,N,N,1
20369986,ATE,Y,Y,N,1
20370061,APO,Y,N,Y,1
20370307,APO,Y,N,N,1
20370688,AMO,Y,N,N,1
20370702,AMO,Y,N,N,1
20371336,APO,Y,N,N,1
20373428,APO,Y,N,N,1
20373579,APO,Y,N,N,1
20374158,APO,N,Y,N,1
20375103,APO,N,N,Y,1
20376707,APO,Y,N,N,1
20376883,AMO,Y,N,N,1
20378124,APO,Y,N,N,1
20380359,AMO,Y,N,N,1
20380455,APO,Y,N,N,1
20380476,APO,Y,N,N,1
20380818,ATE,Y,N,N,1
20382459,AMO,Y,N,N,1
20382625,AMO,Y,N,N,1
20383610,AMO,N,N,Y,1
20385186,AMO,N,Y,N,1
20385252,APO,N,N,Y,1
20385402,APO,N,Y,Y,1
20385580,AMO,Y,N,N,1
20386259,APO,Y,N,Y,1
20386454,APO,N,Y,N,1
20386504,APO,Y,N,N,1
20386720,AMO,Y,N,N,1
20387505,APO,N,Y,N,1
20387717,APO,Y,N,Y,1
20387793,APO,Y,N,N,1
20388189,ATE,Y,N,N,1
20388798,APO,Y,N,Y,1
20391151,APO,N,Y,N,1
20392211,AMO,N,N,Y,1
20392476,APO,Y,N,N,1
20393908,APO,N,N,Y,1
20394130,APO,N,Y,Y,1
20394392,ATE,Y,Y,N,1
20394783,APO,Y,N,Y,1
20395289,APO,N,N,Y,1
20396730,APO,Y,N,N,1
20396793,APO,Y,N,N,1
20396794,APO,Y,N,Y,1
20397237,APO,Y,Y,Y,1
20397471,AMO,Y,N,N,1
20397474,APO,Y,N,N,1
20399457,APO,N,Y,N,1
20401857,APO,Y,Y,N,1
20401925,APO,Y,N,Y,1
20401998,APO,Y,Y,N,1
20403775,ATE,N,Y,N,1
20405189,AMO,N,Y,N,1
20406952,APO,N,N,Y,1
20408869,AMO,Y,N,N,1
20408982,ATE,Y,N,N,1
20410778,APO,N,N,Y,1
20410832,AMO,Y,N,N,1
20412977,APO,Y,N,N,1
20412995,AMO,N,Y,N,1
20413091,AMO,Y,N,Y,1
20414772,APO,Y,N,N,1
20415027,APO,Y,N,N,1
20415029,APO,N,N,Y,1
20415710,AMO,Y,N,N,1
20415711,AMO,N,N,Y,1
20415715,AMO,Y,N,N,1
20415746,AMO,Y,N,N,1
20415987,APO,Y,N,Y,1
20416186,AMO,N,Y,N,1
20416675,AMO,N,N,Y,1
20416694,APO,Y,N,N,1
20417167,AMO,N,N,Y,1
20417201,AMO,N,Y,N,1
20417581,APO,Y,N,Y,1
20417871,APO,N,N,Y,1
20417874,APO,Y,Y,N,1
20417949,APO,N,N,Y,1
20418094,APO,N,N,Y,1
20418233,APO,Y,N,N,1
20418797,ATE,Y,N,N,1
20418849,APO,N,Y,Y,1
20418896,APO,Y,N,N,1
20419022,AMO,N,N,Y,1
20419624,APO,N,Y,N,1
20420286,APO,Y,N,Y,1
20423100,APO,Y,Y,N,1
20424089,AMO,Y,N,N,1
20425755,ATE,N,Y,N,1
20427499,AMO,Y,N,N,1
20427643,AMO,N,N,Y,1
20427778,ATE,Y,N,Y,1
20428223,APO,Y,Y,N,1
20429733,AMO,Y,N,N,1
20431760,APO,N,Y,N,1
20433992,AMO,N,N,Y,1
20434051,AMO,N,N,Y,1
20434313,ATE,Y,N,N,1
20434344,APO,Y,N,Y,1
20434677,APO,N,N,Y,1
20434786,APO,Y,N,Y,1
20435138,AMO,Y,N,N,1
20435730,AMO,Y,N,Y,1
20436324,AMO,N,N,Y,1
20436325,APO,Y,Y,N,1
20436568,APO,Y,N,N,1
20436763,APO,Y,N,N,1
20436775,APO,Y,N,Y,1
20437844,ATE,N,Y,N,1
20437994,APO,Y,N,N,1
20438107,APO,Y,N,N,1
20438116,APO,N,Y,Y,1
20438990,APO,N,N,Y,1
20441058,APO,Y,N,Y,1
20441825,AMO,Y,N,N,1
20442177,AMO,N,Y,Y,1
20442559,AMO,N,N,Y,1
20443837,AMO,N,Y,Y,1
20446955,AMO,N,N,Y,1
20447655,AMO,Y,N,N,1
20448628,APO,Y,N,N,1
20449074,AMO,Y,N,Y,1
20449089,APO,Y,N,N,1
20450143,APO,Y,N,N,1
20450160,APO,N,N,Y,1
20450259,APO,Y,N,N,1
20450293,APO,N,N,Y,1
20450779,AMO,N,N,Y,1
20451217,AMO,Y,N,N,1
20452307,AMO,Y,N,Y,1
20452389,AMO,N,Y,N,1
20452421,AMO,Y,N,N,1
20452474,APO,Y,N,Y,1
20452639,APO,Y,Y,N,1
20453100,AMO,Y,N,N,1
20454177,AMO,N,N,Y,1
20455193,AMO,Y,N,Y,1
20455407,AMO,N,N,Y,1
20455426,APO,N,Y,N,1
20455594,APO,N,N,Y,1
20455659,ATE,Y,N,N,1
20455736,AMO,Y,N,N,1
20455956,APO,Y,N,N,1
20456618,AMO,Y,N,N,1
20456651,AMO,Y,N,N,1
20457059,ATE,Y,Y,N,1
20457647,APO,Y,N,N,1
20458062,APO,Y,N,N,1
20458368,AMO,Y,N,N,1
20458418,APO,N,N,Y,1
20459386,APO,Y,N,Y,1
20459458,APO,Y,N,N,1
20459872,APO,N,Y,N,1
20462041,APO,Y,N,N,1
20462329,AMO,Y,N,N,1
20462559,AMO,N,Y,N,1
20462736,APO,Y,N,Y,1
20463216,AMO,Y,N,N,1
20463282,APO,Y,N,N,1
20463664,APO,Y,N,N,1
20464797,APO,Y,N,Y,1
20464885,AMO,N,N,Y,1
20465402,APO,N,Y,N,1
20465616,AMO,N,N,Y,1
20466130,APO,N,N,Y,1
20466507,ATE,Y,N,N,1
20466508,APO,N,N,Y,1
20467347,APO,Y,N,Y,1
20467352,ATE,Y,N,N,1
20467372,APO,Y,Y,Y,1
20467609,APO,Y,N,N,1
20467835,AMO,Y,N,N,1
20468004,AMO,Y,N,N,1
20468117,APO,Y,N,N,1
20468446,AMO,Y,N,N,1
20468540,ATE,Y,Y,N,1
20468541,APO,Y,N,N,1
20468909,ATE,Y,N,Y,1
20469219,APO,N,Y,N,1
20469727,APO,Y,N,Y,1
20470004,APO,N,N,Y,1
20470594,AMO,N,N,Y,1
20470909,AMO,Y,N,N,1
20470951,APO,N,N,Y,1
20471108,AMO,Y,N,N,1
20471926,APO,N,Y,N,1
20474163,APO,N,Y,N,1
20474223,AMO,N,N,Y,1
20474425,AMO,Y,N,N,1
20474549,APO,N,N,Y,1
20474585,APO,N,N,Y,1
20474674,AMO,Y,N,N,1
20475354,AMO,N,N,Y,1
20475967,AMO,Y,N,N,1
20476187,APO,Y,N,N,1
20477051,AMO,Y,N,N,1
20477492,AMO,Y,N,Y,1
20477519,APO,N,N,Y,1
20477524,AMO,N,Y,Y,1
20477588,APO,Y,N,N,1
20478574,APO,N,N,Y,1
20480824,AMO,Y,N,N,1
20480854,AMO,Y,N,N,1
20480927,APO,Y,N,N,1
20481032,AMO,N,N,Y,1
20481442,ATE,Y,N,N,1
20481542,APO,Y,N,N,1
20481790,AMO,Y,N,N,1
20481918,APO,Y,N,N,1
20481965,APO,Y,N,N,1
20482049,AMO,N,N,Y,1
20482055,AMO,N,N,Y,1
20482111,AMO,N,N,Y,1
20482244,AMO,N,Y,N,1
20482250,AMO,N,Y,N,1
20482533,ATE,N,Y,N,1
20483408,AMO,Y,N,N,1
20483506,AMO,Y,N,N,1
20483509,AMO,N,N,Y,1
20483563,APO,Y,N,N,1
20483566,AMO,Y,N,N,1
20484199,APO,Y,N,N,1
20484850,AMO,Y,N,N,1
20484976,APO,N,N,Y,1
20485882,APO,Y,N,Y,1
20487580,APO,Y,N,N,1
20488461,APO,N,N,Y,1
20488474,APO,Y,N,N,1
20488486,AMO,Y,N,N,1
20488579,AMO,N,N,Y,1
20488580,AMO,Y,N,Y,1
20488640,AMO,Y,N,Y,1
20488645,APO,N,Y,N,1
20488693,AMO,N,N,Y,1
20488789,APO,N,N,Y,1
20489203,AMO,N,N,Y,1
20489885,AMO,N,N,Y,1
20489900,APO,Y,N,Y,1
20490636,AMO,N,N,Y,1
20491424,APO,Y,N,Y,1
20492478,APO,Y,N,N,1
20494689,APO,Y,N,Y,1
20494690,APO,N,N,Y,1
20494706,APO,Y,Y,N,1
20494713,APO,N,N,Y,1
20494999,ATE,N,N,Y,1
20495021,AMO,N,Y,N,1
20495168,AMO,Y,N,Y,1
20495187,APO,N,N,Y,1
20495323,APO,Y,N,N,1
20495615,ATE,Y,N,Y,1
20495829,APO,Y,N,Y,1
20495891,AMO,Y,N,N,1
20496124,AMO,Y,N,N,1
20496230,AMO,N,N,Y,1
20496327,APO,Y,N,Y,1
20497135,APO,Y,N,N,1
20497174,APO,Y,N,N,1
20497245,APO,N,N,Y,1
20498068,APO,Y,N,N,1
20498143,APO,Y,N,Y,1
20498918,AMO,N,N,Y,1
20499490,AMO,Y,N,N,1
20499496,AMO,N,N,Y,1
20499986,AMO,N,N,Y,1
20500922,APO,Y,N,Y,1
20501878,APO,Y,N,N,1
20503871,APO,N,N,Y,1
20503880,APO,Y,N,Y,1
20503892,APO,Y,N,N,1
20503960,APO,Y,N,N,1
20503966,APO,Y,N,N,1
20504033,APO,Y,Y,Y,1
20504034,APO,N,N,Y,1
20504074,APO,Y,N,Y,1
20504181,APO,N,Y,N,1
20504994,AMO,N,N,Y,1
20505019,APO,Y,N,N,1
20506425,AMO,Y,N,Y,1
20506779,AMO,Y,N,N,1
20507355,APO,Y,N,N,1
20507716,APO,N,N,Y,1
20508767,AMO,Y,N,N,1
20508796,AMO,Y,N,N,1
20508871,APO,Y,N,Y,1
20508918,APO,N,N,Y,1
20508997,APO,Y,N,N,1
20509520,APO,Y,N,N,1
20509523,APO,N,Y,N,1
20510160,APO,N,N,Y,1
20511002,AMO,Y,N,N,1
20511137,APO,N,N,Y,1
20511600,APO,Y,N,Y,1
20513170,ATE,N,N,Y,1
20513472,APO,Y,N,N,1
20513916,AMO,Y,N,N,1
20514041,AMO,N,N,Y,1
20514571,AMO,N,N,Y,1
20515010,APO,N,N,Y,1
20515742,ATE,Y,N,Y,1
20516423,AMO,Y,N,N,1
20516428,AMO,N,N,Y,1
20516435,ATE,N,N,Y,1
20516641,AMO,N,N,Y,1
20516734,APO,N,N,Y,1
20516868,AMO,N,N,Y,1
20517046,APO,Y,N,N,1
20518424,AMO,Y,N,N,1
20518507,APO,N,N,Y,1
20519824,APO,Y,N,N,1
20520808,APO,N,N,Y,1
20520862,AMO,N,N,Y,1
20523592,AMO,Y,N,N,1
20523593,AMO,N,N,Y,1
20523598,APO,N,N,Y,1
20523600,APO,Y,N,Y,1
20523602,AMO,N,N,Y,1
20523607,AMO,Y,N,N,1
20523612,AMO,Y,N,N,1
20523614,APO,Y,N,N,1
20523616,APO,Y,N,N,1
20523619,APO,Y,N,Y,1
20523625,APO,N,N,Y,1
20523626,AMO,Y,N,Y,1
20523630,APO,N,Y,Y,1
20523632,AMO,N,Y,N,1
20523638,APO,Y,N,Y,1
20523650,APO,N,N,Y,1
20523656,APO,N,N,Y,1
20523664,ATE,N,N,Y,1
20523728,APO,Y,N,N,1
20523747,APO,Y,N,N,1
20523786,AMO,Y,N,Y,1
20523792,APO,Y,N,Y,1
20523796,APO,Y,N,N,1
20523799,AMO,N,N,Y,1
20523807,APO,Y,N,N,1
20523808,ATE,N,N,Y,1
20523810,APO,Y,N,N,1
20523815,AMO,N,N,Y,1
20523819,AMO,N,Y,N,1
20523820,APO,N,N,Y,1
20523934,APO,N,N,Y,1
20523967,AMO,N,N,Y,1
20523972,APO,Y,N,Y,1
20525364,APO,N,Y,N,1
20525552,AMO,N,N,Y,1
20526449,AMO,N,N,Y,1
20526742,ATE,Y,N,N,1
20526825,APO,Y,N,Y,1
20526826,ATE,Y,N,N,1
20527841,APO,Y,N,Y,1
20527977,ATE,N,Y,N,1
20528609,APO,Y,N,N,1
20529670,APO,N,N,Y,1
20529718,APO,Y,Y,Y,1
20529720,APO,Y,N,N,1
20529920,AMO,Y,N,N,1
20530085,APO,N,Y,N,1
20530151,APO,Y,N,N,1
20530871,APO,N,N,Y,1
20531060,ATE,N,N,Y,1
20531914,APO,N,N,Y,1
20533372,APO,N,N,Y,1
20533671,APO,N,Y,N,1
20535148,AMO,Y,N,N,1
20537686,AMO,N,N,Y,1
20537829,ATE,Y,N,N,1
20538085,APO,N,N,Y,1
20538648,APO,Y,N,Y,1
20538979,AMO,Y,N,N,1
20543319,APO,N,N,Y,1
20545274,APO,Y,N,N,1
20549459,APO,Y,N,N,1
20555122,APO,Y,N,N,1
20564883,AMO,N,N,Y,1
20577723,APO,Y,N,N,1
20585428,APO,Y,N,N,1
20585734,APO,Y,N,N,1
20594913,IEO,Y,N,N,1
20595116,AMO,N,Y,N,1
20601696,APO,Y,N,N,1
20604197,APO,Y,N,N,1
20606441,AMO,N,N,Y,1
20606702,APO,Y,N,Y,1
20606908,AMO,Y,N,N,1
20608017,APO,Y,N,N,1
20612057,AMO,Y,N,N,1
20612094,APO,N,Y,N,1
20612162,APO,N,Y,N,1
20612362,APO,Y,N,N,1
20612443,ATE,Y,N,N,1
20612541,APO,Y,N,Y,1
20612552,AMO,N,N,Y,1
20612593,APO,N,N,Y,1
20612600,AMO,N,Y,N,1
20612760,AMO,N,Y,N,1
20612781,APO,N,N,Y,1
20612901,APO,N,N,Y,1
20612922,APO,Y,N,N,1
20613217,AMO,N,N,Y,1
20613398,ATE,Y,N,N,1
20613420,APO,Y,N,N,1
20613433,APO,Y,Y,N,1
20613434,AMO,Y,N,Y,1
20613496,AMO,N,N,Y,1
20613512,APO,N,N,Y,1
20613527,AMO,Y,N,N,1
20613763,AMO,N,Y,N,1
20613814,APO,Y,N,N,1
20613910,APO,Y,N,N,1
20613913,APO,N,N,Y,1
20613939,ATE,Y,N,N,1
20613940,AMO,Y,N,N,1
20613964,APO,N,N,Y,1
20614406,APO,N,N,Y,1
20614449,APO,Y,N,N,1
20619926,AMO,Y,N,N,1
20620000,APO,Y,N,N,1
20620058,APO,Y,N,N,1
20620063,APO,N,N,Y,1
20620069,AMO,Y,N,N,1
20620071,APO,N,Y,Y,1
20620077,APO,N,N,Y,1
20620078,APO,Y,N,N,1
20620079,APO,N,N,Y,1
20620080,APO,Y,N,N,1
20620089,APO,Y,N,Y,1
20620090,APO,N,N,Y,1
20620091,ATE,N,Y,N,1
20620097,APO,N,N,Y,1
20620098,APO,Y,N,N,1
20620103,APO,N,N,Y,1
20620104,APO,N,N,Y,1
20620844,AMO,Y,N,Y,1
20622484,AMO,N,N,Y,1
20622577,APO,Y,N,N,1
20623769,APO,Y,N,Y,1
20625991,ATE,Y,N,N,1
20658883,APO,N,N,Y,1
20660599,APO,Y,N,N,1
20662564,APO,Y,N,Y,1
20663216,APO,Y,N,Y,1
20663491,APO,Y,N,N,1
20664220,APO,Y,N,Y,1
20665151,APO,Y,N,N,1
20665250,APO,Y,N,N,1
20665326,APO,Y,N,N,1
20665382,APO,Y,N,Y,1
20666332,AMO,N,N,Y,1
20666360,APO,Y,N,N,1
20666966,APO,Y,Y,N,1
20669608,APO,Y,N,N,1
20670246,APO,Y,N,Y,1
20670610,APO,Y,N,N,1
20670931,APO,Y,N,N,1
20671294,APO,N,Y,N,1
20672881,APO,N,N,Y,1
20673713,ATE,N,Y,N,1
20674207,APO,Y,N,N,1
20675481,APO,Y,N,N,1
20676261,APO,Y,N,N,1
20676362,APO,Y,N,N,1
20677578,APO,Y,N,Y,1
20677579,APO,N,Y,N,1
20678010,APO,N,N,Y,1
20678263,APO,Y,N,N,1
20678715,APO,N,Y,N,1
20678989,ATE,Y,Y,N,1
20679337,APO,Y,N,Y,1
20679420,APO,Y,N,Y,1
20679657,APO,N,Y,N,1
20686964,ATE,N,N,Y,1
20690253,APO,Y,N,N,1
20693691,ATE,Y,Y,Y,1
20719979,APO,Y,Y,Y,1
20723661,APO,Y,N,Y,1
20738442,APO,Y,N,Y,1
20741537,ATE,N,N,Y,1
20743995,APO,Y,Y,N,1
20747011,ATE,N,Y,N,1
20747127,APO,Y,N,Y,1
20747164,APO,N,N,Y,1
20748283,APO,Y,N,N,1
20748940,APO,N,N,Y,1
20749081,APO,Y,N,N,1
20752296,APO,N,N,Y,1
20752877,APO,Y,N,N,1
20755902,APO,N,N,Y,1
20755963,APO,Y,N,N,1
20756519,AMO,Y,N,Y,1
20756876,APO,Y,N,Y,1
20756994,APO,Y,N,N,1
20756995,AMO,N,N,Y,1
20786229,APO,N,N,Y,1
20786484,AMO,N,Y,N,1
20790064,APO,N,N,Y,1
20790911,APO,Y,N,N,1
20791223,ATE,N,Y,N,1
20793297,AMO,Y,N,N,1
20795322,AMO,Y,N,N,1
20796068,APO,N,Y,N,1
20801525,AMO,N,N,Y,1
20801944,AMO,Y,N,N,1
20805893,APO,N,N,Y,1
20809043,AMO,N,N,Y,1
20809875,APO,N,N,Y,1
20812544,APO,Y,N,N,1
20815335,APO,N,N,Y,1
20816502,AMO,N,N,Y,1
20819287,AMO,Y,N,Y,1
20819795,APO,Y,N,N,1
20821523,APO,Y,N,N,1
20824839,APO,Y,N,Y,1
20825328,AMO,N,Y,N,1
20825909,APO,Y,N,N,1
20826726,APO,Y,N,Y,1
20826799,APO,N,N,Y,1
20826847,APO,Y,N,Y,1
20828534,APO,N,Y,N,1
20831781,APO,N,N,Y,1
20832667,AMO,Y,N,Y,1
20832994,APO,Y,N,Y,1
20833009,APO,Y,N,N,1
20835475,APO,Y,N,N,1
20836372,APO,Y,N,N,1
20841703,APO,Y,N,N,1
20842528,AMO,Y,N,N,1
20843651,APO,Y,N,N,1
20846080,AMO,Y,N,Y,1
20846509,AMO,Y,N,N,1
20846584,AMO,N,N,Y,1
20847260,AMO,N,N,Y,1
20847328,AMO,N,N,Y,1
20847349,AMO,Y,N,Y,1
20847576,APO,Y,N,Y,1
20850450,AMO,Y,N,N,1
20857421,AMO,Y,N,N,1
20857652,AMO,Y,N,N,1
20858130,APO,N,Y,Y,1
20859524,APO,N,N,Y,1
20860288,AMO,N,Y,N,1
20860591,AMO,Y,N,N,1
20861115,APO,Y,N,Y,1
20861128,APO,Y,Y,N,1
20863777,AMO,N,N,Y,1
20864405,APO,Y,N,Y,1
20871972,AMO,N,N,Y,1
20873204,APO,N,N,Y,1
20874272,AMO,Y,N,N,1
20875047,AMO,Y,N,N,1
20875565,APO,Y,N,Y,1
20875904,APO,Y,N,N,1
20875992,APO,Y,N,Y,1
20876034,APO,Y,N,Y,1
20876393,ATE,N,Y,N,1
20876653,ATE,N,Y,N,1
20876995,APO,N,N,Y,1
20877413,APO,Y,N,N,1
20877458,AMO,Y,N,Y,1
20877915,APO,Y,N,N,1
20877916,AMO,N,N,Y,1
20878293,ATE,Y,N,N,1
20878420,APO,N,N,Y,1
20878421,APO,Y,N,Y,1
20878899,AMO,Y,N,N,1
20879232,AMO,Y,N,N,1
20879426,APO,Y,N,N,1
20879598,APO,N,N,Y,1
20880116,APO,Y,N,N,1
20881303,APO,N,N,Y,1
20883607,APO,Y,N,Y,1
20884385,APO,N,N,Y,1
20884785,APO,Y,N,N,1
20884842,APO,Y,N,N,1
20885020,APO,Y,N,N,1
20885268,ATE,Y,N,N,1
20885322,APO,N,Y,N,1
20886138,APO,Y,N,N,1
20886181,APO,Y,N,N,1
20886345,APO,Y,N,Y,1
20886371,APO,N,N,Y,1
20886456,APO,Y,N,N,1
20886662,APO,N,N,Y,1
20886709,APO,Y,N,Y,1
20886832,APO,Y,N,N,1
3005804,AMO,N,N,Y,1
3005816,APO,N,Y,N,1
3005831,APO,N,Y,N,1
3005973,ATE,N,Y,N,1
3092140,AMO,N,Y,N,1
3092142,AMO,Y,N,N,1
3008362,APO,N,N,Y,1
3009717,ATE,N,N,Y,1
3092160,APO,N,N,Y,1
3092168,APO,N,Y,N,1
3092169,AMO,N,N,Y,1
3092184,APO,N,N,Y,1
3092186,APO,Y,N,Y,1
3092199,AMO,N,N,Y,1
3092205,APO,Y,N,N,1
3092206,AMO,Y,N,N,1
3017729,APO,N,Y,N,1
3019646,AMO,N,N,Y,1
3023012,APO,N,Y,N,1
3092236,APO,N,N,Y,1
3092237,AMO,N,Y,N,1
3024715,APO,N,Y,N,1
3035165,ATE,N,N,Y,1
3043885,APO,Y,Y,Y,1
3092264,APO,Y,N,N,1
3092266,APO,N,N,Y,1
3046648,ATE,Y,N,N,1
3063595,APO,Y,Y,N,1
3061790,AMO,Y,N,N,1
3065518,AMO,N,Y,N,1
3072800,APO,Y,N,N,1
3069224,AMO,N,N,Y,1
3070723,AMO,Y,N,N,1
3092285,APO,N,N,Y,1
3072405,AMO,Y,N,Y,1
3076610,AMO,N,N,Y,1
54509645,APO,N,N,Y,1
3076747,APO,N,N,Y,1
3076772,APO,N,N,Y,1
3076774,APO,N,Y,N,1
3092297,AMO,N,N,Y,1
3076899,AMO,N,Y,Y,1
54221661,AMO,Y,N,N,1
3092069,APO,N,Y,N,1
3092076,AMO,Y,N,N,1
3092333,APO,N,N,Y,1
3092395,AMO,N,N,Y,1
3092418,AMO,N,N,Y,1
3092419,APO,N,Y,N,1
3092520,APO,Y,N,Y,1
3102710,APO,N,N,Y,1
3102719,APO,N,Y,N,1
3102730,AMO,N,N,Y,1
3102758,APO,N,Y,N,1
3102766,APO,Y,N,N,1
3102774,APO,Y,N,N,1
3102785,APO,N,N,Y,1
3114014,APO,N,N,Y,1
3114051,APO,N,N,Y,1
3114052,AMO,N,N,Y,1
3117435,APO,N,Y,N,1
3157486,AMO,N,Y,N,1
3117460,ATE,Y,N,N,1
54133139,APO,Y,N,N,1
3127389,APO,N,Y,N,1
3132126,APO,N,N,Y,1
3132127,APO,N,Y,N,1
3132513,APO,N,Y,N,1
3134262,APO,N,N,Y,1
3136726,AMO,N,Y,N,1
3137737,APO,N,Y,N,1
3137739,AMO,Y,N,N,1
3137852,APO,N,N,Y,1
3137851,AMO,N,N,Y,1
3143094,AMO,N,N,Y,1
3144148,AMO,N,N,Y,1
3144513,APO,N,N,Y,1
3144531,ATE,N,N,Y,1
3144532,APO,Y,N,Y,1
3147312,APO,N,N,Y,1
3150196,APO,Y,N,N,1
54271398,AMO,Y,N,N,1
3152321,APO,Y,N,N,1
3154487,AMO,N,N,Y,1
3154494,APO,Y,N,N,1
3159889,APO,N,N,Y,1
3160732,APO,N,N,Y,1
3160785,AMO,Y,N,N,1
3160793,AMO,N,N,Y,1
3160853,ATE,Y,N,N,1
3163746,APO,N,N,Y,1
3163752,APO,N,N,Y,1
3167366,APO,Y,N,N,1
3167368,AMO,Y,N,N,1
3170244,APO,Y,Y,N,1
3170215,APO,N,N,Y,1
3170209,APO,N,Y,N,1
3170232,APO,Y,N,N,1
3172312,AMO,Y,N,Y,1
3174196,APO,N,Y,N,1
3177200,AMO,N,N,Y,1
3177211,AMO,Y,N,N,1
3180180,APO,Y,N,Y,1
3180183,APO,Y,N,Y,1
3183834,APO,N,Y,Y,1
3184153,AMO,N,N,Y,1
3184478,APO,N,N,Y,1
3249532,AMO,Y,N,N,1
3249983,APO,N,Y,N,1
3249982,APO,N,N,Y,1
3250193,ATE,N,N,Y,1
3252348,AMO,N,N,Y,1
3255170,APO,N,N,Y,1
3256043,APO,Y,N,N,1
3256319,APO,N,Y,N,1
3256583,ATE,N,N,Y,1
3261680,APO,N,N,Y,1
3262792,APO,N,N,Y,1
3263235,APO,N,Y,N,1
3263660,APO,N,N,Y,1
3263791,APO,N,N,Y,1
3264225,APO,Y,N,N,1
3264324,AMO,N,N,Y,1
3264722,AMO,N,Y,N,1
3265470,APO,Y,N,N,1
3266178,APO,Y,N,Y,1
3266180,APO,Y,Y,Y,1
3267071,APO,N,Y,N,1
3273458,ATE,N,Y,N,1
3273785,APO,N,Y,N,1
3273786,AMO,N,N,Y,1
3273791,AMO,N,N,Y,1
3273972,APO,N,N,Y,1
3274696,AMO,N,Y,N,1
3274999,APO,Y,N,N,1
3277464,APO,N,Y,N,1
3278002,AMO,N,N,Y,1
3278321,APO,Y,N,N,1
3278966,APO,Y,N,Y,1
3279676,APO,Y,N,N,1
3279740,APO,N,N,Y,1
3283184,AMO,N,N,Y,1
3283245,APO,N,Y,Y,1
3283780,APO,N,Y,N,1
3283950,ATE,Y,N,N,1
3288931,AMO,N,N,Y,1
3289173,APO,N,N,Y,1
3289743,APO,N,Y,N,1
3289739,ATE,N,N,Y,1
3290407,APO,N,Y,Y,1
3291224,ATE,N,Y,N,1
3291350,APO,Y,N,N,1
3292017,AMO,N,Y,N,1
3292347,APO,Y,N,N,1
3292769,APO,N,N,Y,1
3293282,AMO,N,Y,N,1
3293832,APO,N,Y,N,1
3293921,APO,N,Y,N,1
3293925,APO,N,N,Y,1
3295790,APO,N,Y,N,1
3297374,AMO,Y,N,N,1
3297377,APO,N,N,Y,1
3297391,APO,Y,N,Y,1
3304565,APO,N,N,Y,1
3306399,AMO,Y,N,Y,1
3309709,AMO,Y,N,N,1
3306404,APO,N,N,Y,1
3306579,ATE,N,N,Y,1
3308948,AMO,Y,N,N,1
3309090,AMO,Y,N,Y,1
3309093,APO,N,Y,N,1
3311864,APO,Y,N,N,1
3311961,AMO,Y,N,N,1
3311964,ATE,N,Y,N,1
3312034,APO,N,Y,Y,1
3313556,APO,Y,N,N,1
3314251,APO,N,N,Y,1
3315004,APO,N,Y,N,1
3321532,APO,Y,N,Y,1
3321668,APO,N,N,Y,1
3323933,APO,N,N,Y,1
3323935,APO,Y,N,N,1
3324251,APO,N,Y,N,1
3324632,AMO,Y,N,Y,1
3325671,AMO,N,Y,N,1
3325674,APO,Y,N,N,1
3327141,AMO,N,Y,N,1
3329987,AMO,N,Y,N,1
3330158,AMO,Y,N,Y,1
3330685,APO,N,N,Y,1
3330690,APO,Y,N,N,1
3332535,APO,N,Y,N,1
3333737,APO,N,Y,N,1
3335304,APO,N,Y,N,1
3336867,AMO,N,Y,N,1
3337293,APO,Y,N,Y,1
3337559,APO,N,N,Y,1
3337733,APO,N,Y,N,1
3337834,APO,Y,N,N,1
3337993,AMO,Y,N,N,1
3337999,APO,N,Y,N,1
3338814,AMO,N,N,Y,1
3341510,APO,N,Y,N,1
3403148,APO,N,Y,N,1
3344169,ATE,N,N,Y,1
3345304,APO,Y,N,Y,1
3346476,APO,N,Y,N,1
3354737,APO,N,N,Y,1
3358115,APO,Y,N,N,1
3358224,APO,N,N,Y,1
3361624,APO,N,N,Y,1
3363346,AMO,N,Y,N,1
3363353,APO,Y,N,N,1
3363723,APO,N,Y,N,1
54337736,AMO,Y,N,N,1
3366605,APO,N,N,Y,1
3367717,AMO,N,N,Y,1
3368185,AMO,N,Y,N,1
3368493,APO,N,N,Y,1
3368495,APO,Y,N,Y,1
3370287,AMO,Y,N,N,1
3371361,APO,N,Y,N,1
3372211,ATE,Y,N,Y,1
3373684,APO,N,Y,N,1
3373919,APO,Y,N,N,1
3373980,ATE,N,N,Y,1
3374350,APO,Y,N,N,1
3374389,AMO,N,Y,N,1
3376342,APO,Y,N,Y,1
3378131,APO,N,Y,N,1
3378233,APO,N,N,Y,1
3381230,ATE,Y,N,N,1
3381260,APO,N,Y,N,1
3381261,APO,N,Y,N,1
3381347,APO,N,Y,N,1
3385164,APO,Y,N,N,1
3387549,APO,Y,N,N,1
3387609,AMO,N,Y,N,1
3387615,APO,Y,N,Y,1
3387792,AMO,N,N,Y,1
3388354,ATE,Y,N,N,1
3388888,APO,N,N,Y,1
3390109,APO,N,Y,N,1
3392084,APO,N,N,Y,1
3392308,APO,N,Y,N,1
3392368,AMO,N,N,Y,1
3392369,APO,N,N,Y,1
3395309,ATE,Y,Y,Y,1
3395987,AMO,Y,N,N,1
3397995,APO,N,N,Y,1
3398066,APO,N,Y,N,1
3398740,APO,Y,N,N,1
3399122,APO,N,N,Y,1
3399918,APO,N,N,Y,1
3399920,APO,N,N,Y,1
3400306,AMO,N,Y,N,1
3401101,APO,N,N,Y,1
3401388,AMO,N,Y,N,1
3401386,AMO,N,Y,N,1
3401904,APO,Y,N,N,1
3402245,APO,N,Y,N,1
3402365,APO,Y,N,Y,1
3402643,APO,N,N,Y,1
3404362,ATE,N,N,Y,1
3404525,APO,Y,N,Y,1
3404767,APO,N,N,Y,1
3404768,ATE,N,N,Y,1
3405070,APO,Y,N,N,1
3405085,APO,N,N,Y,1
3405148,ATE,N,Y,N,1
3405189,APO,N,Y,N,1
3405195,AMO,N,N,Y,1
3405338,APO,N,Y,N,1
3406331,APO,Y,N,Y,1
3407474,APO,Y,N,Y,1
3407481,APO,N,Y,N,1
3407482,APO,Y,N,N,1
3407483,APO,N,Y,N,1
3407946,APO,Y,N,N,1
3408586,ATE,Y,N,N,1
3408682,AMO,Y,N,N,1
3409112,APO,Y,N,N,1
3409645,APO,Y,N,N,1
3409648,APO,Y,N,Y,1
3409651,APO,Y,N,N,1
3409707,APO,N,Y,N,1
3409965,AMO,N,N,Y,1
3409988,APO,N,N,Y,1
3409991,APO,N,Y,N,1
3410533,APO,N,Y,N,1
3410589,APO,Y,N,N,1
3412749,APO,N,Y,N,1
3412756,APO,N,N,Y,1
3414251,APO,N,Y,N,1
3414391,ATE,N,Y,N,1
3414402,AMO,N,N,Y,1
3423027,AMO,N,Y,N,1
3423604,APO,N,N,Y,1
3424289,APO,N,N,Y,1
3425295,APO,N,N,Y,1
3426808,APO,N,N,Y,1
3427442,APO,Y,N,N,1
3428529,AMO,N,Y,N,1
3430308,APO,N,N,Y,1
3430382,AMO,N,N,Y,1
3431598,AMO,N,N,Y,1
3432562,AMO,N,N,Y,1
3432638,APO,Y,N,N,1
3432687,APO,N,N,Y,1
3433366,APO,Y,N,N,1
3433367,AMO,N,Y,Y,1
3434371,APO,N,Y,Y,1
3435539,APO,N,Y,N,1
3435541,APO,N,Y,N,1
3439358,AMO,N,Y,Y,1
3439482,AMO,N,N,Y,1
3439812,AMO,N,Y,N,1
3439814,APO,N,N,Y,1
3440584,APO,N,N,Y,1
3441806,APO,Y,N,N,1
3441850,APO,N,Y,N,1
3442526,AMO,N,N,Y,1
3442842,APO,N,N,Y,1
3443832,AMO,N,Y,N,1
3444275,APO,N,N,Y,1
3444297,APO,N,Y,N,1
3444369,APO,Y,N,N,1
3445081,AMO,Y,N,Y,1
3445541,AMO,Y,N,Y,1
3448006,AMO,N,N,Y,1
3449085,APO,Y,N,N,1
3451022,AMO,N,N,Y,1
3454894,APO,Y,N,Y,1
3455139,APO,Y,N,N,1
3455312,AMO,Y,N,N,1
3455473,APO,N,Y,N,1
3455742,ATE,N,N,Y,1
3457388,APO,N,N,Y,1
3457841,APO,N,N,Y,1
3457844,APO,N,Y,N,1
3458579,ATE,N,Y,N,1
3458940,APO,Y,Y,Y,1
3458941,APO,N,N,Y,1
3459083,APO,Y,N,N,1
3459085,AMO,N,N,Y,1
3459086,APO,Y,N,Y,1
3459308,APO,N,N,Y,1
3459811,AMO,N,N,Y,1
3460263,APO,Y,N,Y,1
3463175,APO,N,N,Y,1
3463759,ATE,Y,N,Y,1
3465187,APO,N,N,Y,1
3465237,APO,N,N,Y,1
3465683,ATE,Y,N,N,1
3467181,AMO,N,N,Y,1
3467186,AMO,Y,N,N,1
3467189,APO,Y,Y,Y,1
3467220,APO,N,N,Y,1
3467318,APO,N,Y,N,1
3467394,APO,N,N,Y,1
3467709,APO,N,N,Y,1
54180331,AMO,N,Y,N,1
3468492,APO,Y,N,N,1
3469645,AMO,Y,N,N,1
3471581,APO,Y,N,Y,1
3471660,APO,Y,N,N,1
3471688,APO,N,N,Y,1
3472193,AMO,Y,N,Y,1
3472299,ATE,N,N,Y,1
3472370,ATE,N,Y,N,1
3472375,APO,N,Y,N,1
3475239,AMO,N,N,Y,1
3476130,APO,Y,N,Y,1
3476777,AMO,N,N,Y,1
3477942,ATE,N,Y,N,1
3478247,AMO,N,N,Y,1
3478248,APO,Y,N,N,1
3478250,ATE,N,N,Y,1
3478650,APO,N,N,Y,1
3479013,ATE,N,N,Y,1
3479138,AMO,Y,N,N,1
3481977,APO,Y,N,N,1
3483204,APO,Y,N,N,1
3484921,APO,Y,N,Y,1
3486120,AMO,N,N,Y,1
3486328,APO,N,Y,Y,1
3507181,ATE,Y,Y,N,1
3508110,APO,N,N,Y,1
3508166,APO,N,N,Y,1
3511508,AMO,Y,N,N,1
3508137,AMO,N,Y,N,1
3508144,AMO,Y,N,N,1
3508162,APO,Y,N,N,1
3508164,APO,Y,N,N,1
3510599,APO,Y,N,Y,1
3511354,APO,N,N,Y,1
3511360,AMO,N,N,Y,1
3511892,APO,N,Y,Y,1
3991702,AMO,Y,N,N,1
3513745,AMO,N,Y,N,1
3514546,AMO,Y,N,Y,1
3514548,APO,Y,N,N,1
3514800,AMO,N,N,Y,1
3514891,ATE,N,N,Y,1
3514892,APO,N,Y,N,1
3514959,ATE,Y,N,N,1
3515379,APO,N,N,Y,1
3515458,APO,Y,N,Y,1
3516489,APO,N,Y,N,1
3516631,APO,Y,Y,Y,1
3517465,ATE,Y,Y,Y,1
3518265,APO,N,Y,N,1
3518295,APO,N,Y,N,1
3518309,APO,N,N,Y,1
3518595,AMO,Y,N,N,1
54180486,AMO,N,N,Y,1
3520208,AMO,N,N,Y,1
3520663,AMO,Y,N,N,1
3520665,AMO,N,Y,N,1
3520694,APO,Y,N,N,1
3520762,APO,Y,N,N,1
3522125,APO,Y,Y,N,1
3522126,APO,Y,N,Y,1
3522158,APO,Y,N,N,1
3522631,ATE,N,Y,N,1
3528690,AMO,Y,N,N,1
3524019,APO,Y,N,Y,1
3524070,AMO,N,Y,N,1
3526640,APO,N,N,Y,1
3529601,AMO,N,N,Y,1
3529605,AMO,N,N,Y,1
3530352,APO,Y,N,N,1
3532404,AMO,Y,N,N,1
3536126,APO,N,N,Y,1
3536555,APO,N,N,Y,1
3536587,APO,N,N,Y,1
3536589,APO,N,N,Y,1
3536611,APO,Y,N,Y,1
3537907,APO,Y,N,N,1
3538600,APO,Y,N,N,1
3543621,AMO,N,N,Y,1
3542519,ATE,N,Y,N,1
3542555,ATE,Y,N,N,1
3545179,APO,Y,N,N,1
3545238,APO,Y,N,N,1
3545393,APO,N,N,Y,1
3545413,APO,Y,N,N,1
3545480,APO,N,Y,N,1
3545509,APO,N,N,Y,1
3545711,APO,Y,N,Y,1
3547631,APO,N,N,Y,1
3547678,APO,Y,N,N,1
3548890,APO,N,Y,N,1
3549563,ATE,N,Y,N,1
3549696,APO,N,Y,N,1
3550084,APO,N,N,Y,1
3550086,APO,N,N,Y,1
3550232,APO,N,Y,N,1
3550134,APO,Y,N,Y,1
3550304,APO,N,N,Y,1
3550467,APO,N,Y,Y,1
3550612,APO,N,Y,N,1
3550890,AMO,N,Y,N,1
3550891,APO,Y,N,N,1
3551168,APO,N,Y,N,1
3551328,APO,N,N,Y,1
3551329,APO,N,N,Y,1
3552290,AMO,Y,N,N,1
3552574,APO,Y,N,N,1
3552631,AMO,Y,N,Y,1
3552666,AMO,N,N,Y,1
3552671,APO,Y,N,Y,1
3552779,AMO,N,Y,N,1
3553284,APO,N,N,Y,1
3553583,APO,Y,N,N,1
3553666,APO,Y,Y,N,1
3553704,APO,N,N,Y,1
3553960,APO,Y,N,Y,1
3555012,APO,N,N,Y,1
3555019,APO,N,N,Y,1
3555070,APO,N,Y,N,1
3555102,APO,Y,N,N,1
3555171,AMO,N,Y,N,1
54304638,AMO,Y,N,N,1
3555789,AMO,N,N,Y,1
3555793,APO,N,N,Y,1
3556125,APO,N,Y,N,1
3557636,APO,N,Y,N,1
3557783,APO,Y,N,Y,1
3556969,AMO,Y,N,Y,1
3557193,AMO,N,N,Y,1
3557196,APO,N,N,Y,1
3557198,APO,N,Y,N,1
3557822,APO,Y,N,N,1
3557637,AMO,N,Y,N,1
3557958,APO,N,Y,N,1
3558380,ATE,Y,N,N,1
3558388,ATE,N,Y,N,1
3559600,APO,Y,N,N,1
3559737,APO,Y,N,N,1
3559739,APO,N,Y,N,1
3559783,APO,Y,Y,N,1
3560053,AMO,N,N,Y,1
3560130,APO,N,Y,N,1
3560549,AMO,Y,N,N,1
3560770,APO,N,Y,N,1
3560814,APO,Y,N,N,1
3560913,AMO,N,Y,N,1
3560920,AMO,N,N,Y,1
3560922,APO,Y,N,N,1
3561031,ATE,Y,N,N,1
3561032,AMO,Y,N,N,1
3562866,APO,N,Y,N,1
3563426,AMO,Y,N,N,1
3563491,APO,Y,N,Y,1
3564248,AMO,N,Y,N,1
3564590,APO,N,N,Y,1
3564725,AMO,N,N,Y,1
3566441,APO,N,Y,N,1
3566465,APO,N,Y,N,1
3566532,AMO,Y,N,N,1
3566534,APO,N,N,Y,1
3566695,APO,N,Y,N,1
3567519,APO,Y,N,N,1
3567537,AMO,N,N,Y,1
3567572,APO,Y,N,Y,1
3568014,AMO,N,N,Y,1
3568303,AMO,N,Y,N,1
3568373,AMO,N,N,Y,1
3568377,APO,N,Y,N,1
3568422,AMO,Y,N,Y,1
3573149,APO,Y,N,N,1
3574133,AMO,Y,N,N,1
3575219,AMO,N,N,Y,1
3578624,ATE,Y,N,N,1
3578922,APO,N,N,Y,1
3578974,APO,Y,N,N,1
3580319,APO,Y,N,Y,1
3580960,AMO,Y,N,N,1
3581669,ATE,N,Y,N,1
3582138,APO,N,N,Y,1
3582230,APO,N,N,Y,1
3582666,AMO,N,N,Y,1
3582867,AMO,N,Y,N,1
3584135,APO,Y,N,Y,1
3585280,AMO,Y,N,N,1
3584579,APO,Y,N,Y,1
3584581,AMO,N,N,Y,1
3584583,APO,N,Y,N,1
54502909,APO,N,Y,N,1
3588022,AMO,N,Y,N,1
3588783,APO,Y,N,N,1
3588900,APO,Y,N,Y,1
3589302,APO,N,Y,N,1
3589717,AMO,N,N,Y,1
3591407,APO,N,Y,N,1
3591465,AMO,N,N,Y,1
3591722,APO,N,Y,N,1
3591755,APO,N,Y,N,1
3591758,AMO,Y,N,N,1
3591888,APO,N,Y,N,1
3592014,APO,N,Y,N,1
3591894,APO,N,Y,N,1
3592226,AMO,N,N,Y,1
3595776,AMO,N,Y,N,1
3595880,APO,N,N,Y,1
3595929,APO,N,N,Y,1
3595981,AMO,N,Y,N,1
3596032,APO,Y,N,Y,1
3596035,APO,N,Y,N,1
3596038,AMO,N,Y,N,1
3596211,AMO,Y,N,Y,1
3596678,AMO,Y,N,N,1
3596841,AMO,Y,N,N,1
3596843,APO,Y,N,Y,1
3596846,AMO,Y,N,N,1
3597092,AMO,N,Y,N,1
3597096,AMO,N,N,Y,1
3597098,APO,Y,Y,N,1
3597099,AMO,N,N,Y,1
3597506,AMO,Y,N,N,1
3599389,AMO,N,Y,N,1
3599768,AMO,N,N,Y,1
3599860,APO,N,Y,N,1
3600104,APO,Y,N,N,1
3600238,AMO,Y,N,N,1
3600243,APO,N,Y,N,1
3600477,APO,N,N,Y,1
3601274,APO,N,N,Y,1
3601408,AMO,N,N,Y,1
3601611,APO,Y,N,Y,1
3601677,APO,N,Y,N,1
3602505,AMO,N,N,Y,1
3602525,AMO,N,Y,N,1
3602530,APO,Y,Y,N,1
3602689,APO,Y,N,Y,1
3602702,APO,N,N,Y,1
3602739,AMO,Y,N,N,1
3602784,APO,N,N,Y,1
3602785,APO,Y,N,N,1
3602786,AMO,N,N,Y,1
3602838,APO,N,N,Y,1
3603128,ATE,Y,N,N,1
3603225,APO,Y,N,N,1
3603632,AMO,Y,N,N,1
3604184,AMO,N,N,Y,1
3604305,AMO,N,Y,N,1
3605005,APO,Y,N,N,1
3605334,AMO,N,Y,N,1
3605578,APO,N,N,Y,1
3605664,APO,Y,N,Y,1
3605730,APO,Y,N,Y,1
3605761,AMO,N,N,Y,1
3605793,AMO,N,Y,N,1
3605840,APO,N,N,Y,1
3605889,APO,Y,N,Y,1
3605890,APO,N,N,Y,1
3606221,APO,N,N,Y,1
3607530,APO,N,Y,N,1
3607742,ATE,Y,N,N,1
3608324,AMO,N,N,Y,1
3608427,AMO,Y,N,N,1
3608475,AMO,N,N,Y,1
3608618,APO,N,N,Y,1
3608785,APO,Y,N,N,1
3609384,AMO,N,N,Y,1
3610167,AMO,N,Y,N,1
3610175,APO,N,Y,N,1
3610182,AMO,Y,N,N,1
3610526,APO,N,Y,N,1
3610529,AMO,N,N,Y,1
3617331,AMO,Y,N,N,1
3611398,AMO,N,N,Y,1
3611402,ATE,N,N,Y,1
3612847,APO,N,Y,N,1
3613388,APO,N,Y,N,1
3614397,APO,N,N,Y,1
3614637,APO,Y,N,Y,1
3614980,APO,N,Y,N,1
3614983,APO,N,N,Y,1
3616690,AMO,Y,N,Y,1
3616697,APO,Y,N,N,1
3619321,APO,N,N,Y,1
3619343,APO,N,N,Y,1
3621027,APO,Y,N,Y,1
3621619,AMO,N,Y,N,1
3621811,AMO,Y,N,N,1
3623576,APO,N,Y,N,1
3623579,APO,Y,N,N,1
3623580,APO,N,N,Y,1
3623611,AMO,N,N,Y,1
3623675,APO,Y,N,N,1
3623998,ATE,Y,N,N,1
3624133,AMO,N,N,Y,1
3624232,APO,Y,Y,Y,1
3624751,APO,N,Y,N,1
3625126,APO,Y,N,N,1
3625596,AMO,Y,N,N,1
3626031,APO,N,Y,N,1
3626732,APO,Y,N,Y,1
3627033,AMO,Y,N,N,1
3627012,ATE,Y,N,Y,1
54458193,APO,Y,N,N,1
3627115,ATE,Y,Y,N,1
3627116,AMO,N,N,Y,1
3627426,AMO,Y,N,N,1
3631822,APO,Y,N,N,1
3632677,APO,Y,N,Y,1
3634156,ATE,Y,N,N,1
3634225,APO,N,Y,N,1
3634226,AMO,Y,N,Y,1
3634390,APO,N,N,Y,1
3634612,APO,N,Y,N,1
3634618,APO,N,Y,N,1
3634620,AMO,N,Y,N,1
3634786,APO,Y,N,N,1
3634847,APO,N,N,Y,1
3634888,APO,Y,N,N,1
3634905,APO,N,Y,N,1
3634907,APO,N,N,Y,1
3635071,APO,Y,Y,N,1
3638201,APO,N,Y,N,1
3638238,APO,N,Y,N,1
3638381,APO,N,Y,N,1
3638434,APO,Y,N,N,1
3638571,APO,Y,N,Y,1
3638572,APO,N,Y,Y,1
3638630,APO,Y,N,Y,1
3639232,APO,Y,N,N,1
3639550,APO,N,N,Y,1
3640706,APO,Y,N,N,1
3640745,APO,N,N,Y,1
3640993,APO,Y,N,N,1
3643996,APO,Y,N,Y,1
3644045,APO,Y,N,N,1
3644175,ATE,Y,N,N,1
3644180,AMO,N,N,Y,1
3644651,APO,Y,N,Y,1
3645001,APO,Y,N,Y,1
3645042,ATE,N,Y,N,1
3645123,APO,Y,N,N,1
3645329,AMO,Y,N,N,1
3645262,APO,N,N,Y,1
3645267,AMO,N,Y,N,1
3645621,APO,Y,N,N,1
3645650,AMO,N,Y,N,1
3645651,APO,N,Y,N,1
3646050,AMO,Y,N,Y,1
3645993,APO,N,N,Y,1
3646046,APO,N,N,Y,1
3647019,APO,Y,N,Y,1
3647024,AMO,N,Y,N,1
3647191,AMO,N,Y,N,1
3647273,APO,Y,N,N,1
3647275,APO,Y,N,Y,1
3647280,AMO,Y,N,N,1
3647735,APO,N,N,Y,1
3647848,AMO,N,N,Y,1
3647962,AMO,Y,N,N,1
3648046,APO,N,Y,N,1
3648209,AMO,Y,N,N,1
3648206,ATE,N,Y,N,1
3648631,APO,N,Y,N,1
3648738,APO,N,N,Y,1
3648767,ATE,Y,N,N,1
3648865,ATE,N,N,Y,1
3648863,APO,Y,N,Y,1
3648864,APO,N,Y,N,1
3649825,AMO,N,N,Y,1
3651162,APO,Y,N,N,1
3651168,APO,N,Y,N,1
3653215,APO,N,Y,N,1
3653216,AMO,N,N,Y,1
3653413,AMO,N,N,Y,1
3653469,AMO,Y,N,N,1
3653472,APO,Y,N,N,1
3653689,APO,Y,N,N,1
3653692,AMO,N,Y,N,1
3653702,APO,Y,N,N,1
3653812,APO,N,Y,N,1
3653906,APO,Y,N,Y,1
3653909,APO,N,Y,N,1
3653910,AMO,N,Y,N,1
3654336,APO,Y,N,N,1
3654483,APO,N,Y,N,1
3654518,AMO,Y,N,N,1
3654529,APO,Y,N,N,1
3654644,APO,N,Y,N,1
3655362,APO,N,Y,N,1
3655565,ATE,N,Y,N,1
3655743,APO,Y,N,N,1
3655759,APO,Y,Y,N,1
3655742,AMO,N,Y,N,1
3655755,APO,Y,N,Y,1
3655762,AMO,Y,N,N,1
3655763,AMO,N,N,Y,1
3655871,APO,Y,N,N,1
3655876,APO,N,N,Y,1
3656921,AMO,N,N,Y,1
3659804,ATE,Y,N,Y,1
3660064,APO,Y,N,Y,1
3660065,APO,N,N,Y,1
3660312,AMO,N,N,Y,1
3661270,AMO,N,N,Y,1
3661499,AMO,N,N,Y,1
3661516,AMO,Y,N,Y,1
3661549,APO,N,N,Y,1
3662167,ATE,Y,N,N,1
3662291,APO,Y,Y,N,1
3662287,AMO,Y,N,N,1
3662483,AMO,N,N,Y,1
3662643,AMO,Y,N,N,1
3663467,APO,Y,N,Y,1
3663827,APO,N,N,Y,1
3664083,APO,N,Y,N,1
54077804,AMO,Y,N,N,1
3666236,APO,N,Y,N,1
3666471,AMO,N,Y,N,1
3666928,APO,N,Y,N,1
3667125,AMO,N,N,Y,1
3666885,APO,N,Y,N,1
3666977,AMO,N,N,Y,1
3667090,AMO,N,Y,N,1
3667093,ATE,N,N,Y,1
3667121,APO,Y,N,Y,1
3667122,AMO,N,N,Y,1
3667130,APO,N,N,Y,1
3667136,ATE,Y,N,N,1
3667137,APO,N,N,Y,1
3667431,AMO,N,Y,N,1
3667477,ATE,N,Y,N,1
3667490,AMO,Y,N,N,1
3667491,APO,N,N,Y,1
3668977,AMO,N,N,Y,1
3669248,APO,N,Y,N,1
3669251,APO,N,N,Y,1
3669358,APO,N,N,Y,1
3669884,APO,N,N,Y,1
3670097,AMO,Y,N,N,1
3670147,APO,Y,N,N,1
3670290,ATE,Y,N,N,1
3698495,AMO,N,Y,N,1
3698504,AMO,Y,N,Y,1
3698531,APO,Y,N,Y,1
3698555,AMO,Y,N,Y,1
3670150,ATE,N,Y,N,1
3670394,APO,N,N,Y,1
3670716,AMO,Y,N,N,1
3671119,APO,N,Y,N,1
3671121,APO,N,Y,N,1
3671123,APO,Y,Y,N,1
3671122,AMO,N,Y,N,1
3671126,APO,N,Y,N,1
3671129,APO,N,N,Y,1
3671133,APO,Y,N,N,1
3698572,APO,Y,Y,N,1
3672460,APO,N,Y,N,1
3672564,AMO,N,Y,N,1
3672900,AMO,N,N,Y,1
3672902,APO,N,N,Y,1
3672908,AMO,Y,N,N,1
3672963,APO,Y,N,N,1
3673138,APO,N,N,Y,1
3673385,APO,Y,Y,N,1
3673546,AMO,N,Y,N,1
3673680,ATE,N,Y,N,1
3673736,APO,N,N,Y,1
3673806,AMO,N,N,Y,1
3673825,AMO,N,Y,N,1
3673978,AMO,N,N,Y,1
3674022,APO,Y,N,Y,1
3674330,AMO,N,N,Y,1
3674756,APO,Y,N,N,1
3674789,AMO,Y,N,Y,1
3678016,APO,N,Y,N,1
3678562,APO,Y,N,N,1
3680936,APO,N,N,Y,1
3679871,APO,Y,N,Y,1
3680249,APO,N,N,Y,1
3680250,APO,Y,N,Y,1
3682228,AMO,N,N,Y,1
3683246,AMO,Y,Y,Y,1
3682230,APO,N,N,Y,1
3683393,APO,N,Y,N,1
3683396,APO,N,N,Y,1
3684350,APO,Y,N,Y,1
3684353,AMO,N,Y,N,1
3684631,AMO,N,Y,N,1
3684730,ATE,Y,N,N,1
3684733,AMO,Y,N,Y,1
3685631,AMO,Y,N,N,1
3685634,APO,Y,N,Y,1
3685807,AMO,N,Y,N,1
3685812,ATE,N,N,Y,1
3686081,AMO,N,N,Y,1
3686272,AMO,N,Y,N,1
3686281,APO,Y,N,N,1
3686284,APO,Y,N,N,1
3687789,AMO,Y,N,N,1
3685816,ATE,N,Y,N,1
3686148,AMO,Y,N,N,1
3686150,AMO,Y,N,N,1
3689267,AMO,N,Y,N,1
3689357,AMO,N,Y,N,1
3691089,AMO,Y,N,N,1
3691095,APO,N,Y,N,1
3691159,APO,N,N,Y,1
3692563,AMO,N,Y,N,1
3692744,APO,Y,N,Y,1
3692750,APO,N,N,Y,1
3693270,APO,Y,N,Y,1
3693773,AMO,N,Y,N,1
3694130,APO,N,N,Y,1
3694451,APO,N,N,Y,1
3694531,APO,Y,N,N,1
3694988,ATE,N,Y,Y,1
3695414,AMO,Y,N,N,1
3695647,APO,Y,N,N,1
3695735,AMO,N,Y,N,1
3695816,APO,Y,N,Y,1
3695824,APO,N,Y,N,1
3695838,AMO,N,N,Y,1
3695932,AMO,Y,N,N,1
3696301,APO,N,Y,N,1
3696300,AMO,N,Y,N,1
3696440,AMO,N,N,Y,1
3696443,APO,N,N,Y,1
3696460,APO,Y,N,N,1
3697803,APO,N,Y,N,1
3698850,AMO,Y,N,Y,1
3698849,APO,N,Y,N,1
3699480,APO,N,N,Y,1
3699893,APO,N,Y,N,1
3699898,AMO,N,Y,N,1
3699906,AMO,Y,N,N,1
54211782,AMO,Y,N,N,1
3701885,APO,Y,N,N,1
3702256,AMO,N,N,Y,1
3702316,AMO,Y,N,N,1
3702320,APO,N,N,Y,1
3702670,APO,Y,Y,Y,1
3702319,APO,N,Y,N,1
3702672,AMO,Y,N,N,1
3702707,AMO,N,N,Y,1
3702705,APO,Y,N,N,1
3702940,AMO,N,N,Y,1
3703000,AMO,Y,N,N,1
3703193,APO,Y,N,N,1
3703262,APO,Y,N,N,1
3703309,APO,Y,N,Y,1
3703303,AMO,Y,N,N,1
3703540,ATE,Y,N,N,1
3703541,AMO,N,Y,N,1
3703884,AMO,Y,N,N,1
3704141,APO,N,Y,N,1
3704145,APO,Y,N,N,1
3704264,APO,Y,Y,Y,1
3704263,AMO,Y,N,N,1
3704765,AMO,N,Y,N,1
3704769,APO,N,Y,N,1
3705043,AMO,N,N,Y,1
3707694,APO,N,Y,N,1
3708360,APO,Y,N,Y,1
3708363,APO,Y,N,N,1
3709078,APO,Y,N,N,1
3709080,APO,Y,N,Y,1
3709081,ATE,Y,N,N,1
3709250,ATE,Y,Y,N,1
3709397,APO,N,N,Y,1
3709398,APO,Y,N,Y,1
3709603,AMO,Y,N,N,1
3709774,AMO,N,Y,N,1
3715407,AMO,Y,N,N,1
3764850,APO,N,Y,N,1
3709716,APO,N,Y,N,1
3710215,APO,N,Y,N,1
3710227,APO,N,Y,Y,1
3710247,AMO,Y,N,N,1
3710558,APO,N,Y,N,1
3710715,APO,N,Y,N,1
3710913,APO,N,N,Y,1
3710918,APO,N,Y,N,1
3711167,APO,N,Y,N,1
3711174,AMO,N,Y,N,1
3712032,APO,N,N,Y,1
3712420,APO,N,Y,N,1
3712625,APO,N,Y,N,1
3713005,APO,N,Y,N,1
3713268,ATE,Y,N,N,1
3713303,APO,N,N,Y,1
3713318,AMO,N,Y,N,1
3713285,APO,N,Y,N,1
3713903,APO,Y,N,N,1
3713942,APO,N,Y,N,1
3713946,APO,N,N,Y,1
3713993,AMO,Y,N,N,1
3713995,AMO,N,Y,N,1
3714117,APO,Y,N,Y,1
3714118,AMO,N,N,Y,1
3714119,APO,Y,N,Y,1
3714121,AMO,N,Y,N,1
3714175,APO,Y,N,N,1
3714453,APO,Y,N,N,1
3714458,ATE,N,N,Y,1
3714464,AMO,Y,N,N,1
3714538,APO,Y,N,N,1
3715384,APO,Y,N,Y,1
3837528,AMO,Y,N,N,1
54510130,APO,N,Y,N,1
3715465,APO,Y,N,N,1
3715906,APO,N,N,Y,1
3718764,APO,Y,N,N,1
3715995,APO,N,Y,N,1
3715997,APO,N,Y,N,1
3716630,APO,Y,N,N,1
3716628,APO,N,Y,N,1
3717039,APO,Y,N,N,1
3717046,APO,Y,N,N,1
3717060,AMO,Y,N,N,1
3717045,AMO,N,Y,N,1
3717050,APO,Y,N,Y,1
3717100,AMO,N,N,Y,1
3718277,APO,N,N,Y,1
3718763,APO,Y,N,N,1
3720849,AMO,N,Y,N,1
3720858,APO,N,N,Y,1
3720865,APO,Y,N,N,1
3720875,APO,Y,N,N,1
3720874,AMO,Y,N,Y,1
54432840,AMO,N,Y,N,1
54508749,AMO,N,Y,N,1
3719192,APO,Y,N,N,1
3719206,APO,Y,N,N,1
3719226,AMO,N,Y,N,1
3719471,AMO,Y,N,Y,1
3719472,AMO,N,Y,N,1
3719730,ATE,Y,Y,N,1
3719859,AMO,N,Y,N,1
3719858,APO,Y,N,N,1
3720005,APO,N,Y,N,1
3720001,AMO,N,Y,N,1
3720440,ATE,N,Y,N,1
3720439,APO,Y,N,N,1
3720747,APO,N,N,Y,1
3720767,AMO,Y,N,N,1
3720846,AMO,N,N,Y,1
3720888,APO,Y,N,N,1
3720889,AMO,N,Y,N,1
3721993,APO,N,Y,N,1
3721994,APO,Y,N,N,1
3721137,APO,N,Y,N,1
3721237,APO,N,Y,N,1
3721907,APO,N,N,Y,1
3721910,AMO,N,Y,N,1
3723701,APO,Y,N,N,1
3723816,APO,N,N,Y,1
3724101,AMO,N,N,Y,1
3724221,ATE,N,N,Y,1
3723853,APO,N,Y,Y,1
3723950,AMO,Y,N,Y,1
3723955,APO,Y,N,N,1
3893741,AMO,Y,N,N,1
3724212,APO,N,Y,N,1
3724391,AMO,N,N,Y,1
3724392,APO,N,Y,N,1
3724393,APO,Y,N,N,1
3724645,AMO,N,Y,N,1
3725654,APO,N,Y,N,1
3725759,APO,Y,N,N,1
3725761,AMO,Y,N,N,1
3725970,AMO,N,N,Y,1
3726012,APO,N,Y,N,1
3726021,APO,N,N,Y,1
3726510,APO,N,Y,N,1
3726594,APO,Y,N,N,1
3726448,AMO,N,N,Y,1
3726512,APO,N,Y,N,1
3726513,APO,N,Y,N,1
3726596,APO,N,Y,N,1
3726655,AMO,Y,N,N,1
3727174,APO,N,N,Y,1
3727177,APO,N,Y,N,1
3727276,AMO,Y,N,Y,1
3727340,APO,Y,N,N,1
3727345,APO,Y,N,Y,1
3727660,APO,N,Y,N,1
3728368,AMO,Y,N,N,1
3728373,AMO,N,N,Y,1
3727665,AMO,N,Y,N,1
3728903,AMO,N,Y,N,1
3729098,AMO,Y,N,N,1
3729275,APO,N,Y,N,1
3729835,APO,N,Y,Y,1
3730325,AMO,N,N,Y,1
3730326,APO,N,N,Y,1
3730570,AMO,Y,N,N,1
3731242,APO,N,N,Y,1
3732115,APO,Y,N,Y,1
3732896,APO,Y,N,Y,1
3733141,AMO,Y,N,Y,1
3733258,AMO,Y,N,N,1
3733264,APO,N,Y,N,1
3733854,APO,Y,N,N,1
3733858,APO,N,Y,N,1
3734181,APO,Y,N,N,1
3734184,APO,N,N,Y,1
3734186,APO,N,Y,N,1
3734190,ATE,Y,N,N,1
3735465,AMO,Y,N,N,1
3735485,AMO,Y,N,N,1
3735537,APO,Y,N,Y,1
3735539,APO,N,N,Y,1
3735538,AMO,Y,N,N,1
3735600,AMO,N,N,Y,1
3736385,APO,N,N,Y,1
3735629,AMO,N,N,Y,1
3735681,APO,N,N,Y,1
3735997,APO,N,N,Y,1
3736003,APO,Y,N,N,1
3736206,AMO,Y,N,N,1
3736237,APO,Y,N,N,1
3736245,APO,N,Y,N,1
3736247,AMO,Y,N,N,1
3736386,ATE,Y,N,N,1
3736406,ATE,Y,N,N,1
3736501,ATE,Y,N,Y,1
3736674,APO,Y,N,N,1
3736815,APO,N,Y,N,1
3738934,AMO,N,N,Y,1
3739066,AMO,N,Y,N,1
3739079,AMO,Y,N,N,1
3739078,APO,Y,Y,N,1
3739080,APO,Y,N,N,1
3739077,APO,N,Y,N,1
3739152,APO,Y,N,Y,1
3739167,AMO,Y,N,N,1
3739214,AMO,N,N,Y,1
3739247,APO,N,Y,N,1
3739256,APO,N,Y,N,1
3739414,APO,N,Y,N,1
3739619,APO,Y,N,N,1
3739621,APO,Y,N,Y,1
3740031,AMO,N,N,Y,1
3740040,AMO,N,N,Y,1
3740099,APO,N,N,Y,1
3740342,APO,Y,N,N,1
3740851,AMO,Y,N,N,1
3740668,APO,Y,N,N,1
3740861,AMO,Y,N,Y,1
3740927,APO,N,Y,N,1
3740934,APO,N,N,Y,1
3741114,APO,Y,N,Y,1
3741145,ATE,Y,N,N,1
3741149,AMO,Y,N,N,1
3741150,APO,N,N,Y,1
3741441,APO,N,Y,N,1
3741975,AMO,N,N,Y,1
3741976,AMO,N,Y,N,1
3742047,APO,Y,N,N,1
3742053,AMO,N,N,Y,1
3742123,AMO,N,N,Y,1
3742127,APO,Y,N,N,1
3742340,APO,Y,N,N,1
3742342,ATE,N,Y,N,1
3742880,AMO,N,N,Y,1
3742876,APO,N,Y,N,1
3743119,APO,N,N,Y,1
3743120,APO,Y,N,N,1
3743128,AMO,N,Y,N,1
3743605,APO,N,N,Y,1
3743742,APO,Y,N,N,1
3743747,AMO,Y,N,N,1
3743895,AMO,N,Y,N,1
3743894,APO,Y,N,Y,1
3743893,AMO,Y,N,N,1
3743901,APO,N,N,Y,1
3744155,APO,N,Y,N,1
3744322,ATE,Y,N,N,1
3744325,APO,N,N,Y,1
3744785,APO,N,N,Y,1
3744693,AMO,N,Y,N,1
3744694,APO,N,Y,N,1
3744989,AMO,N,N,Y,1
3745105,ATE,N,N,Y,1
3745114,AMO,N,Y,N,1
3745498,APO,Y,N,N,1
3745502,APO,Y,N,N,1
3745499,AMO,Y,N,N,1
3745899,APO,N,Y,N,1
3745901,ATE,N,Y,Y,1
3745996,APO,Y,N,N,1
3746217,ATE,Y,N,N,1
3746489,APO,Y,N,N,1
3746627,APO,N,N,Y,1
3747306,APO,Y,N,N,1
3747350,APO,Y,N,N,1
3747354,AMO,N,Y,Y,1
3747356,APO,Y,N,N,1
3747357,APO,Y,N,Y,1
3747494,APO,N,N,Y,1
3747982,AMO,Y,N,N,1
3748227,APO,Y,N,N,1
3748280,APO,Y,N,Y,1
3748332,APO,Y,Y,N,1
3748337,APO,N,Y,N,1
3748469,ATE,Y,N,N,1
3748455,AMO,N,Y,N,1
3748457,APO,N,N,Y,1
3748480,AMO,N,N,Y,1
3748545,APO,Y,N,N,1
3748559,APO,Y,N,N,1
54247854,ATE,Y,N,N,1
54379677,AMO,N,Y,N,1
3749062,APO,Y,Y,N,1
3749070,APO,N,Y,N,1
3750678,APO,Y,N,N,1
3751725,APO,Y,N,N,1
3751814,AMO,Y,N,N,1
3751823,AMO,N,N,Y,1
3752013,APO,N,Y,N,1
3752155,AMO,N,N,Y,1
3752517,APO,Y,N,N,1
3752571,ATE,Y,N,Y,1
3752702,AMO,Y,N,N,1
3752773,ATE,N,N,Y,1
3752788,AMO,N,Y,N,1
3752903,ATE,Y,N,N,1
3753023,APO,Y,N,N,1
3753022,APO,N,N,Y,1
3753026,APO,Y,N,N,1
3753096,AMO,N,N,Y,1
3753305,AMO,N,Y,N,1
3753473,AMO,N,N,Y,1
3753574,APO,N,N,Y,1
3753641,APO,N,N,Y,1
3753623,APO,N,N,Y,1
3753660,AMO,N,N,Y,1
3753696,ATE,Y,N,N,1
3753714,AMO,N,Y,N,1
3753790,APO,Y,N,N,1
3753833,AMO,Y,N,N,1
3753868,APO,N,N,Y,1
3753874,APO,Y,N,N,1
3753884,AMO,Y,N,N,1
3753885,APO,N,N,Y,1
3753919,APO,N,Y,N,1
3753918,AMO,Y,N,N,1
3754253,APO,Y,N,Y,1
3754252,AMO,N,Y,N,1
3754268,APO,Y,N,N,1
3754269,APO,N,Y,N,1
3754283,APO,N,N,Y,1
3754285,APO,Y,N,Y,1
54123434,APO,Y,Y,N,1
3754329,APO,N,N,Y,1
3754341,APO,Y,N,Y,1
3754384,APO,N,Y,N,1
3754550,AMO,N,N,Y,1
3755203,APO,N,Y,N,1
3755201,AMO,Y,N,N,1
3755345,APO,N,Y,N,1
3759678,APO,N,Y,N,1
3756042,AMO,N,Y,N,1
3756913,AMO,Y,N,N,1
3756947,APO,Y,N,N,1
3757291,APO,Y,N,N,1
3757285,AMO,Y,N,N,1
3757293,AMO,Y,N,N,1
3757396,APO,N,N,Y,1
3757575,AMO,Y,N,N,1
3757693,APO,Y,Y,N,1
3758259,APO,Y,N,N,1
3758247,AMO,N,N,Y,1
3758261,AMO,N,N,Y,1
3758835,AMO,Y,N,Y,1
3758839,APO,N,N,Y,1
3758836,APO,Y,N,Y,1
3758838,ATE,N,N,Y,1
3758842,AMO,Y,N,N,1
3759004,APO,N,N,Y,1
3759007,APO,N,N,Y,1
3759244,APO,N,Y,N,1
3759285,APO,Y,N,N,1
3759287,APO,Y,N,N,1
3759295,APO,N,Y,N,1
3759319,APO,Y,N,Y,1
3759318,ATE,N,N,Y,1
3759349,APO,N,N,Y,1
3759352,AMO,Y,N,N,1
3759359,APO,N,Y,N,1
3759358,APO,N,Y,N,1
3759664,APO,Y,N,N,1
3759670,AMO,N,Y,N,1
3759751,APO,N,Y,N,1
3759757,AMO,N,Y,N,1
3759771,APO,N,N,Y,1
3759986,APO,Y,N,N,1
3760061,APO,N,Y,N,1
3760217,AMO,N,N,Y,1
3760532,AMO,N,Y,N,1
3760536,APO,N,Y,N,1
3760583,AMO,N,Y,Y,1
3760884,APO,N,N,Y,1
3760956,APO,Y,Y,N,1
3762126,APO,Y,N,N,1
3762169,AMO,N,N,Y,1
3762165,ATE,N,N,Y,1
3763097,APO,Y,N,N,1
3763414,AMO,Y,N,N,1
3763428,APO,Y,N,N,1
3763429,ATE,Y,N,N,1
3763476,AMO,Y,N,N,1
3763480,APO,Y,N,Y,1
3763481,APO,N,N,Y,1
3763553,AMO,Y,N,Y,1
3763551,AMO,N,N,Y,1
3763545,AMO,Y,N,N,1
3763547,APO,N,Y,N,1
3763595,APO,Y,N,N,1
3763625,AMO,Y,N,N,1
3764253,AMO,Y,N,N,1
3765027,AMO,N,Y,N,1
3763955,APO,Y,N,N,1
3764251,APO,Y,N,N,1
3764252,APO,N,N,Y,1
3764254,AMO,Y,N,N,1
3764728,APO,Y,N,N,1
3764807,APO,N,Y,N,1
3764837,APO,Y,Y,N,1
3764838,APO,N,Y,N,1
3764888,AMO,Y,N,N,1
3765990,APO,Y,N,N,1
54512578,ATE,N,Y,N,1
54512575,ATE,N,N,Y,1
3765533,APO,N,N,Y,1
3765639,APO,N,Y,N,1
3766032,APO,N,N,Y,1
3766081,AMO,Y,Y,Y,1
54512584,APO,N,N,Y,1
3766049,APO,N,Y,N,1
3766070,AMO,Y,N,Y,1
3766069,APO,N,Y,N,1
3766092,AMO,Y,N,N,1
3766123,AMO,N,N,Y,1
3766130,AMO,N,N,Y,1
3766162,AMO,Y,N,N,1
3766174,AMO,Y,N,N,1
3766182,AMO,Y,N,N,1
3766183,APO,N,N,Y,1
3766193,AMO,Y,N,N,1
3766292,APO,N,N,Y,1
3766338,AMO,N,N,Y,1
3766341,APO,N,Y,N,1
3766462,ATE,Y,N,N,1
3766587,APO,Y,N,N,1
3766595,APO,Y,Y,Y,1
3766633,AMO,Y,N,N,1
3766966,APO,N,Y,N,1
3767015,APO,N,Y,N,1
3767154,APO,N,Y,N,1
3767244,APO,N,Y,N,1
3767253,AMO,Y,N,N,1
3767263,AMO,N,Y,N,1
3767323,AMO,Y,N,Y,1
3767324,APO,Y,N,N,1
3767326,APO,Y,N,N,1
3767925,APO,N,Y,N,1
3767930,AMO,N,Y,N,1
3767936,APO,N,N,Y,1
3767926,AMO,N,Y,N,1
3767933,ATE,Y,N,N,1
3768018,APO,Y,N,Y,1
3768606,APO,Y,N,N,1
3768613,ATE,Y,N,N,1
3767932,APO,Y,N,N,1
3768610,APO,Y,N,N,1
3768620,APO,N,Y,N,1
3768653,APO,Y,N,N,1
3769378,AMO,N,N,Y,1
3769397,APO,Y,N,N,1
54512594,APO,N,N,Y,1
54512592,APO,N,Y,N,1
3769408,APO,N,Y,N,1
3769703,APO,Y,N,N,1
3769708,AMO,N,Y,Y,1
3769804,AMO,N,N,Y,1
3769811,APO,N,Y,N,1
3769883,ATE,Y,N,Y,1
3769914,APO,N,N,Y,1
3769918,APO,Y,N,N,1
3770151,APO,N,Y,N,1
3770152,APO,N,Y,N,1
3771592,APO,Y,N,N,1
3771016,AMO,N,N,Y,1
3771018,APO,N,Y,N,1
3771451,AMO,Y,N,N,1
3771479,APO,N,Y,N,1
3771477,AMO,Y,N,N,1
3771585,AMO,N,N,Y,1
3771608,ATE,N,N,Y,1
3771614,AMO,N,N,Y,1
3771791,APO,N,Y,N,1
3772393,AMO,N,N,Y,1
3772394,AMO,N,Y,N,1
3772401,APO,Y,N,Y,1
3772695,APO,Y,Y,N,1
3772758,APO,Y,N,N,1
3772756,ATE,N,Y,N,1
3772841,APO,N,N,Y,1
3772979,AMO,N,N,Y,1
3773050,APO,N,N,Y,1
3773055,APO,Y,N,N,1
3773057,APO,N,Y,N,1
3773658,APO,N,N,Y,1
3773761,APO,Y,N,N,1
3773834,APO,Y,N,Y,1
3773837,ATE,Y,N,N,1
3773913,APO,N,Y,N,1
3773918,APO,N,Y,N,1
3773922,APO,Y,N,N,1
3774001,APO,Y,N,Y,1
3774011,APO,N,N,Y,1
3774018,ATE,N,Y,N,1
3774017,APO,Y,N,N,1
3774095,APO,N,Y,N,1
3774097,AMO,N,N,Y,1
3774113,APO,Y,Y,Y,1
3774362,ATE,Y,N,N,1
3774372,APO,Y,N,N,1
3774382,APO,N,Y,N,1
3774435,APO,N,N,Y,1
3774563,AMO,N,N,Y,1
3774578,APO,N,Y,N,1
3774574,ATE,N,Y,N,1
3774573,APO,N,Y,N,1
3774603,APO,N,N,Y,1
3774615,AMO,N,Y,N,1
3774691,ATE,N,N,Y,1
3774719,AMO,Y,N,N,1
3774726,APO,Y,N,N,1
3774727,APO,N,Y,N,1
3774733,ATE,N,N,Y,1
3774735,APO,N,N,Y,1
3775091,AMO,Y,N,N,1
3775096,ATE,N,N,Y,1
3775098,AMO,Y,N,N,1
3775155,APO,N,N,Y,1
3775159,APO,N,N,Y,1
3775161,APO,Y,N,N,1
3775158,APO,Y,Y,Y,1
3775199,AMO,Y,N,N,1
3775156,APO,N,N,Y,1
3775265,APO,N,N,Y,1
3775709,APO,N,Y,N,1
3776071,APO,Y,N,N,1
3776112,APO,Y,N,N,1
3776110,AMO,N,N,Y,1
3776128,APO,N,Y,N,1
3776124,APO,N,N,Y,1
3776270,APO,Y,N,N,1
3776269,ATE,N,Y,N,1
3776273,APO,N,N,Y,1
3776279,APO,N,Y,N,1
3776549,ATE,N,N,Y,1
3776849,AMO,N,N,Y,1
3777455,AMO,N,N,Y,1
3779046,AMO,N,Y,N,1
3781351,AMO,N,N,Y,1
3779522,AMO,N,N,Y,1
3780672,APO,Y,N,N,1
3780674,AMO,N,Y,N,1
3780704,APO,N,N,Y,1
3780736,APO,Y,N,N,1
3780786,APO,Y,N,N,1
3781006,APO,Y,N,Y,1
3781005,APO,Y,N,N,1
3781034,AMO,N,Y,N,1
3781021,AMO,N,Y,N,1
3781027,APO,Y,N,N,1
3781023,ATE,N,Y,N,1
3781048,AMO,Y,N,Y,1
3781300,APO,Y,N,N,1
3781313,AMO,N,Y,N,1
3781311,ATE,Y,N,N,1
3781370,AMO,Y,N,N,1
3781402,AMO,N,Y,N,1
3781580,AMO,N,N,Y,1
3838941,AMO,N,Y,N,1
3781640,AMO,N,N,Y,1
3781647,APO,N,Y,N,1
3781871,APO,N,N,Y,1
3781886,AMO,N,Y,N,1
3781885,AMO,Y,N,N,1
3781895,APO,N,Y,N,1
3781905,APO,Y,N,N,1
3781908,AMO,N,Y,N,1
3781910,APO,Y,Y,N,1
3781962,APO,N,N,Y,1
3781972,AMO,N,Y,N,1
3781969,APO,Y,N,Y,1
3781977,AMO,N,Y,N,1
3781989,AMO,N,N,Y,1
3781987,APO,N,N,Y,1
3782013,APO,Y,N,N,1
3782064,APO,N,N,Y,1
3782057,AMO,N,Y,N,1
3785709,APO,Y,N,N,1
3785714,AMO,N,N,Y,1
3782059,APO,N,Y,N,1
3785767,APO,N,N,Y,1
3785773,AMO,N,Y,N,1
3785924,AMO,N,N,Y,1
3786448,AMO,N,Y,N,1
3787063,APO,N,Y,N,1
3787082,APO,Y,N,N,1
3787632,APO,N,N,Y,1
3787634,APO,N,N,Y,1
3788041,APO,N,N,Y,1
3788047,APO,N,N,Y,1
3788050,APO,N,Y,N,1
3788077,AMO,Y,N,Y,1
3788079,AMO,N,N,Y,1
3788090,APO,N,Y,N,1
3788135,APO,Y,N,Y,1
3788138,AMO,N,N,Y,1
3788890,AMO,Y,N,N,1
3789117,AMO,N,N,Y,1
3791307,APO,N,Y,N,1
3799259,AMO,N,Y,Y,1
3789122,APO,N,N,Y,1
3789387,APO,Y,N,Y,1
3789416,APO,Y,N,N,1
3789443,AMO,N,Y,N,1
3789471,AMO,N,Y,N,1
3789470,APO,N,N,Y,1
3789539,APO,Y,N,Y,1
3789607,APO,N,N,Y,1
3789611,APO,Y,N,N,1
3789676,ATE,Y,N,N,1
3789679,APO,N,N,Y,1
3789680,AMO,N,Y,N,1
3789688,APO,N,N,Y,1
3789719,APO,N,N,Y,1
3790063,AMO,N,N,Y,1
3790125,APO,N,N,Y,1
3790126,APO,N,N,Y,1
3791014,ATE,N,Y,N,1
3791245,AMO,N,N,Y,1
3791283,APO,Y,N,N,1
3791334,AMO,Y,N,N,1
3791335,APO,Y,N,Y,1
3792421,APO,Y,N,Y,1
3792436,AMO,N,N,Y,1
3792439,APO,N,N,Y,1
3792459,APO,Y,N,Y,1
3792467,AMO,Y,N,N,1
3794969,APO,N,Y,N,1
3794985,APO,N,Y,N,1
3795030,AMO,N,N,Y,1
3795056,AMO,N,Y,N,1
3795080,APO,Y,N,N,1
3795109,APO,Y,N,N,1
3795120,APO,Y,N,N,1
3795126,APO,Y,Y,N,1
3795141,AMO,Y,N,Y,1
3795153,AMO,Y,N,N,1
3796292,ATE,N,N,Y,1
3796294,AMO,N,N,Y,1
3797405,APO,N,Y,N,1
3797406,APO,Y,N,N,1
3797448,APO,N,N,Y,1
3797457,APO,Y,N,N,1
3797449,APO,N,Y,N,1
3797453,APO,N,N,Y,1
3797474,AMO,N,Y,N,1
3797702,APO,N,Y,N,1
3797739,APO,N,N,Y,1
3797892,AMO,Y,N,N,1
54282978,APO,N,Y,N,1
3797700,APO,N,Y,N,1
3797753,APO,N,Y,N,1
3797756,APO,N,N,Y,1
3797894,APO,Y,N,N,1
3797900,AMO,N,Y,N,1
3797908,AMO,N,Y,N,1
3798967,AMO,N,N,Y,1
3798988,AMO,N,N,Y,1
3799243,APO,N,N,Y,1
3799264,APO,Y,N,N,1
3799262,AMO,N,N,Y,1
3799267,AMO,Y,N,N,1
3799269,ATE,Y,N,Y,1
3799275,APO,Y,N,N,1
3799308,AMO,Y,N,N,1
3799722,APO,Y,N,N,1
3799719,APO,N,Y,N,1
3799716,AMO,N,N,Y,1
3799717,APO,N,Y,N,1
3799763,AMO,N,N,Y,1
54177365,AMO,Y,N,N,1
3799787,APO,N,Y,N,1
3799797,APO,Y,N,N,1
3799826,APO,N,Y,N,1
3799852,APO,Y,N,Y,1
3799883,APO,N,Y,N,1
3799875,APO,Y,Y,N,1
3802554,AMO,N,Y,N,1
3801946,APO,Y,N,N,1
3801989,APO,Y,N,Y,1
3802050,AMO,N,N,Y,1
3802051,AMO,N,N,Y,1
3802052,APO,N,Y,N,1
3802057,APO,N,Y,N,1
3802102,APO,N,Y,N,1
3802389,APO,Y,N,N,1
3802396,APO,N,N,Y,1
3802398,APO,N,N,Y,1
3802407,APO,Y,N,N,1
3802406,APO,N,Y,N,1
3802422,APO,Y,N,N,1
3802420,AMO,N,N,Y,1
3802447,APO,N,N,Y,1
3802452,APO,N,Y,N,1
3802455,AMO,N,Y,N,1
3802572,AMO,N,N,Y,1
3802570,ATE,N,N,Y,1
3802582,AMO,N,N,Y,1
3802579,AMO,N,Y,N,1
3803761,APO,N,N,Y,1
3803884,APO,N,Y,N,1
3803887,APO,Y,N,Y,1
3803903,AMO,Y,N,N,1
54497652,AMO,N,Y,Y,1
3803895,ATE,Y,N,N,1
3803905,AMO,Y,N,N,1
3803912,APO,N,Y,N,1
3805268,APO,N,N,Y,1
3805271,APO,N,N,Y,1
3819558,APO,Y,N,N,1
3819565,APO,N,N,Y,1
3819665,APO,N,N,Y,1
3819672,APO,N,N,Y,1
3819681,AMO,Y,N,N,1
3824057,APO,N,N,Y,1
3824084,APO,N,Y,Y,1
3824089,APO,N,Y,N,1
3824115,ATE,N,N,Y,1
3825007,ATE,N,Y,N,1
3825008,ATE,Y,N,N,1
3825011,ATE,N,N,Y,1
3825023,APO,N,N,Y,1
3825037,AMO,N,Y,N,1
3825040,APO,Y,Y,N,1
3825060,AMO,N,Y,N,1
3825063,APO,N,Y,N,1
3825087,APO,N,N,Y,1
3825103,APO,Y,Y,Y,1
3825132,AMO,N,Y,N,1
3825155,AMO,N,Y,N,1
3825160,APO,N,N,Y,1
3825227,AMO,N,N,Y,1
3825236,AMO,N,N,Y,1
3825278,AMO,Y,N,Y,1
3825286,APO,N,N,Y,1
3825287,ATE,N,N,Y,1
3825477,APO,Y,N,N,1
3825423,AMO,Y,N,N,1
3825447,AMO,N,Y,N,1
3825481,ATE,N,N,Y,1
3825507,ATE,N,Y,N,1
3825523,APO,Y,N,N,1
3825516,APO,Y,Y,N,1
3825524,APO,N,N,Y,1
3825565,APO,N,N,Y,1
3825568,APO,N,N,Y,1
3825570,APO,N,N,Y,1
3825662,APO,Y,N,Y,1
3826546,APO,N,Y,N,1
3826619,APO,N,Y,N,1
3826653,AMO,N,N,Y,1
3826678,AMO,N,N,Y,1
3826688,AMO,Y,N,N,1
3826707,AMO,Y,N,N,1
3826708,AMO,Y,N,N,1
3826770,AMO,Y,N,N,1
3826774,APO,Y,N,N,1
3826796,AMO,N,Y,N,1
3826803,APO,Y,N,Y,1
3826806,APO,Y,N,N,1
3840126,APO,N,Y,N,1
3827160,APO,N,N,Y,1
3827171,APO,Y,N,N,1
3827340,APO,N,N,Y,1
3827425,APO,N,N,Y,1
3827565,AMO,N,N,Y,1
3829431,APO,N,N,Y,1
3829440,APO,N,Y,N,1
3829442,APO,N,Y,N,1
3829452,AMO,Y,N,N,1
3829453,AMO,Y,N,Y,1
3829462,ATE,Y,N,N,1
3830507,APO,Y,N,Y,1
3831169,APO,N,N,Y,1
3830495,AMO,N,N,Y,1
3830505,AMO,N,N,Y,1
3831076,ATE,Y,N,N,1
3831069,APO,Y,N,N,1
3831074,AMO,N,Y,Y,1
3831077,APO,N,N,Y,1
3831206,AMO,Y,N,N,1
3831208,AMO,N,N,Y,1
3831463,AMO,N,N,Y,1
3831478,APO,Y,N,N,1
3831613,APO,N,N,Y,1
3831618,APO,N,Y,N,1
3831715,AMO,Y,N,N,1
3831725,APO,N,Y,N,1
3831730,APO,Y,N,N,1
3831739,APO,N,Y,N,1
3831843,APO,N,N,Y,1
3831865,AMO,N,Y,N,1
3831863,APO,N,Y,N,1
3831892,APO,N,Y,N,1
3831917,AMO,N,N,Y,1
3835501,ATE,Y,N,N,1
3835813,AMO,N,N,Y,1
3835819,AMO,N,N,Y,1
3835822,AMO,N,Y,N,1
3835960,APO,N,N,Y,1
3835968,APO,N,N,Y,1
3836004,AMO,N,Y,N,1
3836070,AMO,Y,N,N,1
3836090,APO,Y,N,N,1
3836086,APO,Y,N,Y,1
3836098,ATE,Y,N,N,1
3836103,APO,N,N,Y,1
3836110,APO,N,Y,N,1
3836119,APO,Y,N,N,1
3836128,AMO,N,Y,N,1
3836130,AMO,N,Y,N,1
3836167,AMO,N,N,Y,1
3836214,APO,N,Y,N,1
3836227,APO,N,N,Y,1
3836243,AMO,N,N,Y,1
3836261,ATE,N,N,Y,1
3836302,APO,Y,Y,N,1
3836309,APO,N,Y,N,1
3836409,AMO,N,N,Y,1
3836660,ATE,N,Y,Y,1
3836758,APO,N,Y,N,1
3836885,AMO,N,N,Y,1
3836923,APO,N,N,Y,1
3836935,AMO,Y,N,N,1
3837519,AMO,Y,N,N,1
3836964,APO,N,N,Y,1
3836971,APO,N,N,Y,1
3837511,APO,N,Y,N,1
3837515,ATE,N,N,Y,1
3837563,APO,N,Y,N,1
3837589,AMO,N,Y,N,1
3837599,APO,N,Y,N,1
3837602,APO,N,Y,N,1
3837635,AMO,Y,N,Y,1
3837639,APO,N,N,Y,1
3837653,ATE,N,N,Y,1
3837681,AMO,Y,N,N,1
3837717,APO,N,Y,N,1
3837741,APO,N,Y,N,1
3837746,APO,N,Y,Y,1
3837753,APO,N,N,Y,1
3837777,AMO,N,Y,N,1
3837780,AMO,N,Y,N,1
3837792,APO,N,N,Y,1
3837800,APO,Y,N,N,1
3837804,AMO,N,Y,Y,1
3837806,APO,Y,N,N,1
3837823,AMO,N,N,Y,1
3837820,APO,Y,N,Y,1
3837827,AMO,N,N,Y,1
3837846,APO,Y,N,N,1
3837847,AMO,Y,N,N,1
3837848,AMO,N,N,Y,1
3837852,APO,Y,Y,N,1
3837860,APO,N,N,Y,1
3837880,AMO,N,Y,N,1
3837901,APO,Y,N,N,1
3837917,APO,N,Y,N,1
3837912,APO,N,Y,N,1
3837914,AMO,N,N,Y,1
3837991,APO,Y,N,N,1
3838036,APO,N,N,Y,1
3838038,ATE,Y,N,N,1
3838057,APO,N,Y,N,1
3838066,AMO,Y,N,N,1
3838065,APO,N,N,Y,1
3838078,ATE,N,Y,N,1
3838119,AMO,N,Y,N,1
3838123,AMO,N,N,Y,1
3838185,AMO,N,N,Y,1
3838192,AMO,N,N,Y,1
3838248,APO,Y,N,Y,1
3838851,ATE,N,N,Y,1
3838874,APO,N,Y,N,1
3838912,APO,N,N,Y,1
3838938,APO,Y,N,Y,1
3838881,APO,N,N,Y,1
3838898,AMO,N,Y,N,1
3840116,AMO,N,N,Y,1
3840692,AMO,N,Y,Y,1
3840136,ATE,N,Y,Y,1
3840135,AMO,N,N,Y,1
3840693,APO,Y,N,N,1
3840694,APO,N,N,Y,1
3840701,ATE,N,Y,N,1
3840707,APO,Y,N,Y,1
3840716,APO,N,N,Y,1
3840744,AMO,N,Y,N,1
54128962,AMO,N,Y,N,1
3840791,APO,N,Y,N,1
3840812,APO,Y,Y,Y,1
3840809,AMO,N,N,Y,1
3840811,APO,Y,N,N,1
3840838,APO,N,Y,N,1
3840847,APO,Y,N,N,1
3840861,APO,N,Y,N,1
3841171,AMO,Y,N,N,1
3841184,AMO,Y,N,N,1
3841195,APO,Y,N,N,1
3841192,AMO,Y,N,N,1
3841507,AMO,N,N,Y,1
3841508,APO,N,N,Y,1
3841531,APO,N,N,Y,1
3841616,ATE,N,N,Y,1
3841618,AMO,N,Y,N,1
3841634,APO,N,Y,N,1
3841677,APO,N,N,Y,1
3841681,APO,N,Y,N,1
3841721,ATE,N,N,Y,1
3841757,APO,Y,N,N,1
3841758,AMO,Y,N,N,1
3841778,APO,N,N,Y,1
3841838,APO,Y,N,N,1
3841897,APO,Y,Y,N,1
3841898,APO,N,Y,N,1
3841952,APO,Y,N,N,1
54506181,AMO,N,Y,N,1
3841968,APO,N,N,Y,1
3841984,AMO,Y,N,N,1
3841987,APO,Y,N,N,1
3842593,AMO,N,Y,N,1
3842596,APO,N,Y,N,1
3842613,APO,Y,N,N,1
3842619,APO,N,Y,N,1
3842781,APO,Y,N,Y,1
3843056,APO,Y,N,Y,1
3842661,APO,N,N,Y,1
3842694,APO,Y,N,N,1
3842764,AMO,N,Y,N,1
3842770,APO,N,Y,N,1
3842774,APO,N,Y,N,1
3842777,APO,N,Y,N,1
3842782,AMO,Y,N,Y,1
3842783,AMO,Y,N,N,1
3842894,APO,Y,N,N,1
3842893,APO,Y,N,N,1
3842891,AMO,N,Y,N,1
3842897,APO,N,N,Y,1
3842912,AMO,N,N,Y,1
3842953,AMO,N,N,Y,1
3842964,APO,N,N,Y,1
3843051,ATE,Y,N,N,1
3843108,APO,N,N,Y,1
3843128,APO,N,N,Y,1
3843174,APO,N,N,Y,1
3843173,AMO,Y,N,N,1
3843175,APO,N,Y,N,1
3843209,APO,Y,N,N,1
3843211,ATE,N,N,Y,1
3843208,ATE,Y,N,N,1
3843280,APO,Y,Y,N,1
3843281,APO,Y,N,Y,1
3843282,AMO,N,Y,N,1
3843319,APO,N,N,Y,1
3843459,APO,Y,N,N,1
3843335,APO,Y,N,Y,1
3843341,APO,N,N,Y,1
3843348,APO,N,N,Y,1
3843350,APO,N,Y,N,1
3843369,ATE,Y,N,N,1
3843392,AMO,Y,N,N,1
3843430,APO,N,N,Y,1
3843474,APO,Y,Y,Y,1
3843465,AMO,Y,N,N,1
3843493,APO,N,Y,N,1
3843494,AMO,N,N,Y,1
3843510,APO,Y,N,N,1
3843512,APO,N,Y,N,1
3843533,APO,N,N,Y,1
3843536,ATE,Y,N,N,1
3843547,AMO,N,Y,N,1
3843555,ATE,N,N,Y,1
3843573,APO,Y,N,Y,1
3843603,AMO,N,Y,N,1
3843605,AMO,N,Y,N,1
3843607,AMO,N,Y,N,1
3843840,AMO,N,Y,Y,1
3843622,ATE,N,Y,N,1
3843632,AMO,N,Y,N,1
3843628,AMO,Y,Y,N,1
3843641,APO,Y,Y,N,1
3843675,APO,Y,N,Y,1
3843703,AMO,N,N,Y,1
3843716,AMO,N,Y,N,1
3843713,AMO,N,Y,N,1
3843718,AMO,N,N,Y,1
3843721,APO,N,N,Y,1
3843778,AMO,N,N,Y,1
3843801,AMO,N,Y,N,1
3843819,ATE,Y,N,N,1
3843824,AMO,N,Y,N,1
3843848,AMO,Y,N,Y,1
3843858,APO,N,N,Y,1
3843867,APO,Y,N,N,1
3856707,AMO,Y,N,N,1
3843879,APO,N,N,Y,1
3843899,APO,Y,N,N,1
3843912,APO,N,Y,N,1
3843919,APO,N,Y,N,1
3844012,APO,N,N,Y,1
3856703,APO,N,Y,N,1
3869341,AMO,N,N,Y,1
3869352,APO,N,N,Y,1
3872623,ATE,Y,N,N,1
3872625,APO,Y,N,N,1
3873140,APO,Y,N,N,1
3873147,APO,N,Y,N,1
3873150,APO,N,Y,N,1
3873163,AMO,N,Y,N,1
3873194,AMO,N,N,Y,1
3873203,APO,Y,N,Y,1
3873316,APO,N,N,Y,1
3878567,APO,N,Y,N,1
3878577,APO,N,Y,N,1
3878593,APO,N,N,Y,1
3878605,APO,Y,N,N,1
3878610,APO,Y,N,Y,1
3878613,AMO,Y,N,N,1
3878620,APO,N,N,Y,1
3879138,ATE,Y,N,N,1
3879274,ATE,Y,N,N,1
3879271,AMO,N,Y,N,1
3879286,AMO,N,N,Y,1
3879287,AMO,Y,N,N,1
3879301,APO,Y,N,Y,1
3879314,ATE,N,N,Y,1
3879383,APO,N,Y,N,1
3879726,APO,N,N,Y,1
3883101,APO,Y,N,Y,1
3884100,APO,Y,N,Y,1
3884108,AMO,Y,N,N,1
3888729,AMO,Y,N,Y,1
3888753,APO,N,Y,N,1
3888754,APO,N,Y,N,1
3892009,AMO,N,N,Y,1
3892187,APO,Y,Y,Y,1
3892185,APO,N,N,Y,1
3892195,AMO,Y,N,Y,1
3892311,APO,Y,N,Y,1
3892271,ATE,N,Y,N,1
3892653,APO,N,N,Y,1
3892688,APO,N,Y,N,1
3892707,APO,N,Y,N,1
3892710,APO,N,Y,N,1
3892769,AMO,Y,N,N,1
3893209,AMO,N,N,Y,1
54017328,APO,Y,N,N,1
3893393,APO,Y,N,N,1
3893404,AMO,N,Y,N,1
3893491,APO,N,N,Y,1
3893631,APO,N,Y,N,1
3893724,AMO,Y,N,N,1
3893745,AMO,N,Y,N,1
3893768,APO,N,Y,N,1
3893945,APO,N,Y,N,1
3907554,APO,N,N,Y,1
3907555,APO,N,N,Y,1
3910106,APO,N,N,Y,1
3910108,APO,Y,N,Y,1
3922358,APO,Y,N,Y,1
3928733,APO,Y,N,N,1
3933022,APO,N,N,Y,1
3942353,AMO,N,Y,N,1
3942360,APO,Y,N,N,1
3942361,AMO,N,N,Y,1
3943329,APO,N,Y,N,1
3943341,AMO,N,N,Y,1
3943376,APO,Y,N,Y,1
3943379,AMO,N,N,Y,1
3946725,APO,N,Y,N,1
3959228,AMO,N,N,Y,1
3959233,APO,Y,N,N,1
3959234,AMO,N,Y,Y,1
3968764,APO,N,Y,N,1
3971131,APO,Y,N,Y,1
3972416,APO,Y,N,N,1
3986635,APO,N,Y,N,1
3972414,APO,Y,N,N,1
3972418,AMO,Y,N,N,1
3985565,AMO,N,Y,N,1
3986633,AMO,Y,N,N,1
3986639,APO,Y,N,N,1
3986683,AMO,N,Y,N,1
54293876,ATE,N,N,Y,1
3986701,ATE,N,N,Y,1
3986734,APO,N,N,Y,1
3986762,ATE,Y,N,N,1
3986766,APO,N,N,Y,1
3986805,APO,Y,N,N,1
3986809,AMO,Y,N,N,1
3986842,APO,N,Y,N,1
3986845,APO,Y,N,N,1
3986847,APO,N,Y,N,1
3989077,APO,Y,N,N,1
3989082,AMO,N,Y,N,1
3989091,APO,Y,N,N,1
3989099,AMO,Y,N,N,1
3989158,AMO,N,Y,N,1
3989168,AMO,N,Y,N,1
3989172,APO,Y,N,N,1
3989174,APO,Y,Y,Y,1
3989181,APO,N,N,Y,1
3989180,AMO,Y,N,Y,1
3989196,APO,N,Y,N,1
3989197,AMO,Y,N,N,1
3989241,APO,Y,N,N,1
3989259,ATE,N,Y,N,1
3989282,APO,Y,Y,N,1
3989287,APO,N,Y,Y,1
3989303,AMO,Y,N,N,1
3989305,APO,N,Y,N,1
3989317,APO,N,N,Y,1
3989347,AMO,N,N,Y,1
3989410,AMO,Y,N,N,1
3991582,AMO,N,N,Y,1
3989650,APO,N,N,Y,1
3989671,ATE,N,N,Y,1
3989722,APO,Y,N,N,1
3989814,APO,N,N,Y,1
3991616,APO,Y,N,N,1
54000953,APO,N,Y,N,1
3991608,APO,N,Y,N,1
3991656,APO,N,N,Y,1
3991662,APO,N,Y,N,1
3991663,AMO,Y,N,N,1
3991696,APO,N,Y,N,1
3991737,APO,N,Y,N,1
54000003,APO,Y,N,N,1
54000955,ATE,Y,N,N,1
54000959,APO,N,N,Y,1
54000960,APO,N,Y,N,1
54006054,APO,N,Y,N,1
54013535,APO,Y,N,N,1
54013542,APO,N,N,Y,1
54016197,APO,N,N,Y,1
54016213,APO,N,N,Y,1
54016218,APO,N,Y,N,1
54016221,AMO,N,Y,N,1
54016233,APO,N,N,Y,1
54016239,AMO,N,Y,N,1
54016249,APO,N,Y,N,1
54016281,APO,Y,N,N,1
54016323,AMO,N,Y,N,1
54016341,APO,N,Y,N,1
54016366,APO,N,Y,N,1
54016377,APO,N,Y,N,1
54016414,APO,Y,N,N,1
54016427,APO,N,Y,N,1
54016460,AMO,N,Y,N,1
54016484,APO,N,Y,N,1
54016489,APO,N,N,Y,1
54016493,APO,N,Y,N,1
54016494,APO,Y,N,N,1
54016515,AMO,N,Y,N,1
54016517,APO,Y,N,N,1
54016544,APO,N,Y,N,1
54016547,APO,Y,N,N,1
54016606,AMO,N,Y,N,1
54016608,ATE,N,N,Y,1
54016611,APO,Y,N,N,1
54016614,AMO,Y,N,Y,1
54016619,APO,N,N,Y,1
54016640,APO,Y,N,Y,1
54016643,APO,N,Y,N,1
54016665,AMO,N,Y,N,1
54016676,APO,N,N,Y,1
54016681,APO,N,Y,N,1
54016688,APO,N,N,Y,1
54016723,APO,Y,N,N,1
54016725,APO,N,Y,N,1
54016728,APO,Y,N,N,1
54016731,APO,Y,N,N,1
54016732,ATE,N,Y,N,1
54016767,APO,N,N,Y,1
54016768,APO,Y,N,N,1
54016780,ATE,N,Y,N,1
54016812,AMO,N,Y,N,1
54016911,APO,Y,Y,N,1
54016913,APO,N,Y,Y,1
54016936,APO,Y,N,Y,1
54016956,APO,N,N,Y,1
54539808,APO,Y,N,N,1
54016961,AMO,N,N,Y,1
54016974,APO,Y,N,N,1
54016995,APO,N,N,Y,1
54017128,AMO,Y,N,N,1
54017063,ATE,N,Y,N,1
54017077,APO,N,Y,N,1
54017078,AMO,N,N,Y,1
54017116,APO,N,N,Y,1
54017135,APO,Y,N,Y,1
54017136,AMO,N,N,Y,1
54017144,AMO,N,N,Y,1
54017167,APO,Y,N,Y,1
54017179,APO,N,Y,N,1
54017200,APO,N,N,Y,1
54017231,APO,N,N,Y,1
54017234,APO,N,Y,N,1
54017255,AMO,N,Y,N,1
54017258,ATE,N,Y,N,1
54017260,APO,N,N,Y,1
54017261,APO,N,Y,N,1
54017294,APO,N,N,Y,1
54017302,AMO,N,Y,N,1
54017304,AMO,N,Y,N,1
54017312,APO,N,N,Y,1
54017313,APO,Y,N,N,1
54017323,ATE,Y,N,N,1
54017436,APO,Y,N,N,1
54017539,AMO,N,Y,N,1
54017541,APO,Y,N,N,1
54017451,AMO,N,Y,N,1
54017457,APO,Y,N,N,1
54017564,APO,Y,N,Y,1
54017581,APO,N,Y,N,1
54017654,AMO,Y,N,N,1
54017665,ATE,N,Y,N,1
54017666,AMO,N,Y,N,1
54017687,ATE,Y,N,N,1
54049786,AMO,Y,N,N,1
54017704,APO,N,Y,N,1
54028097,APO,N,N,Y,1
54034191,APO,Y,N,N,1
54036655,AMO,N,Y,N,1
54041668,APO,Y,Y,Y,1
54048828,APO,N,N,Y,1
54048846,AMO,N,Y,N,1
54048848,APO,N,Y,N,1
54048850,AMO,N,Y,N,1
54048870,AMO,N,Y,N,1
54048889,AMO,N,N,Y,1
54048923,APO,N,Y,N,1
54048941,AMO,N,N,Y,1
54048949,APO,N,N,Y,1
54049762,AMO,Y,N,N,1
54049767,APO,Y,N,N,1
54049822,APO,N,Y,N,1
54049824,APO,Y,N,N,1
54050993,APO,Y,N,N,1
54051102,AMO,Y,N,N,1
54054564,AMO,N,N,Y,1
54049900,APO,Y,N,N,1
54049904,ATE,Y,Y,Y,1
54049906,APO,N,Y,N,1
54050999,APO,N,Y,N,1
54051012,AMO,N,Y,N,1
54051019,APO,Y,Y,Y,1
54051022,APO,Y,N,N,1
54051038,ATE,N,N,Y,1
54051043,APO,N,N,Y,1
54051052,APO,N,N,Y,1
54051066,AMO,N,Y,N,1
54051071,APO,Y,N,Y,1
54051126,ATE,Y,N,N,1
54051133,APO,Y,N,Y,1
54051158,AMO,N,Y,N,1
54051161,APO,Y,N,N,1
54051167,ATE,Y,N,N,1
54051582,APO,Y,N,N,1
54051134,APO,N,Y,N,1
54051138,APO,Y,N,N,1
54051141,APO,N,N,Y,1
54051168,ATE,Y,N,N,1
54051181,AMO,N,Y,N,1
54051250,APO,N,N,Y,1
54051262,AMO,N,Y,N,1
54051295,APO,N,N,Y,1
54051316,APO,Y,N,N,1
54051328,APO,N,Y,Y,1
54051398,APO,N,Y,N,1
54051415,APO,N,N,Y,1
54051419,APO,N,N,Y,1
54053707,ATE,N,Y,N,1
54053719,APO,N,N,Y,1
54053739,APO,N,N,Y,1
54053760,APO,N,N,Y,1
54053763,APO,Y,N,Y,1
54053821,AMO,N,N,Y,1
54053823,APO,N,N,Y,1
54053923,AMO,N,Y,N,1
54053924,APO,N,Y,N,1
54053937,APO,N,Y,N,1
54054270,APO,Y,N,N,1
54054280,APO,Y,N,N,1
54054281,AMO,Y,N,N,1
54054317,AMO,Y,N,N,1
54054354,APO,N,N,Y,1
54054355,APO,N,N,Y,1
54054363,APO,N,Y,N,1
54054402,APO,N,Y,N,1
54054465,APO,Y,N,N,1
54120745,AMO,Y,N,N,1
54054451,APO,N,Y,N,1
54054457,AMO,N,N,Y,1
54054526,APO,N,N,Y,1
54054565,APO,N,Y,N,1
54054582,APO,N,Y,N,1
54054704,AMO,N,Y,N,1
54054715,APO,N,Y,N,1
54054751,APO,Y,N,N,1
54055025,APO,N,N,Y,1
54055036,APO,N,N,Y,1
54055090,APO,Y,Y,N,1
54055117,AMO,N,N,Y,1
54055120,APO,N,Y,N,1
54065898,AMO,Y,N,Y,1
54065904,APO,N,N,Y,1
54073328,APO,Y,N,N,1
54073329,APO,N,N,Y,1
54073331,APO,Y,N,N,1
54073354,APO,Y,N,N,1
54073364,AMO,Y,N,N,1
54075533,AMO,Y,N,N,1
54075308,APO,Y,N,N,1
54076356,AMO,Y,N,N,1
54075297,APO,N,N,Y,1
54075310,APO,Y,N,N,1
54075313,AMO,N,N,Y,1
54075316,APO,N,N,Y,1
54075545,APO,N,Y,N,1
54075546,AMO,N,N,Y,1
54075586,APO,N,Y,N,1
54075987,APO,Y,N,Y,1
54076354,AMO,Y,N,N,1
54076934,AMO,N,N,Y,1
54076936,AMO,N,Y,N,1
54081198,AMO,N,N,Y,1
54087493,AMO,N,Y,N,1
54087546,APO,N,N,Y,1
54087574,APO,N,N,Y,1
54087754,APO,Y,N,N,1
54087755,AMO,N,Y,N,1
54087780,AMO,Y,N,Y,1
54087802,APO,Y,Y,Y,1
54087804,APO,Y,N,Y,1
54087835,AMO,N,N,Y,1
54088800,APO,Y,N,N,1
54088808,AMO,N,N,Y,1
54088818,AMO,Y,N,N,1
54088821,AMO,N,Y,N,1
54088822,APO,N,Y,N,1
54090617,APO,N,N,Y,1
54090621,APO,N,Y,N,1
54091633,APO,N,N,Y,1
54091639,APO,N,Y,N,1
54091650,APO,Y,N,Y,1
54091654,APO,N,N,Y,1
54092913,APO,N,Y,N,1
54092917,ATE,N,N,Y,1
54093076,AMO,N,N,Y,1
54093077,AMO,N,N,Y,1
54093078,AMO,Y,N,N,1
54093090,APO,Y,N,Y,1
54093091,ATE,N,N,Y,1
54095178,AMO,N,N,Y,1
54095188,AMO,N,N,Y,1
54096938,APO,Y,N,N,1
54097467,AMO,N,N,Y,1
54097670,APO,N,Y,Y,1
54098021,APO,N,Y,N,1
54097970,APO,N,N,Y,1
54097982,AMO,N,N,Y,1
54098015,APO,N,N,Y,1
54098020,ATE,N,N,Y,1
54098022,AMO,N,N,Y,1
54098026,ATE,N,N,Y,1
54098714,APO,Y,N,N,1
54099345,APO,N,N,Y,1
54099614,ATE,Y,N,Y,1
54099634,APO,Y,N,N,1
54099636,ATE,Y,N,Y,1
54099637,APO,N,Y,N,1
54099640,APO,Y,N,N,1
54099643,APO,Y,N,Y,1
54099946,AMO,N,Y,N,1
54100287,AMO,N,N,Y,1
54100579,ATE,N,Y,N,1
54100582,APO,N,Y,N,1
54100584,ATE,N,Y,N,1
54100626,APO,Y,N,Y,1
54100693,APO,Y,N,N,1
54100696,ATE,N,N,Y,1
54100698,APO,Y,N,Y,1
54101655,APO,N,N,Y,1
54101659,APO,Y,N,Y,1
54101682,AMO,Y,N,N,1
54101711,APO,Y,N,Y,1
54102515,AMO,N,Y,N,1
54103187,AMO,Y,N,N,1
54103332,AMO,Y,N,N,1
54104071,APO,Y,N,N,1
54104548,APO,Y,N,Y,1
54104552,APO,Y,N,N,1
54104073,APO,N,Y,N,1
54104251,APO,N,Y,N,1
54104269,APO,Y,N,N,1
54104547,APO,N,N,Y,1
54104850,APO,N,Y,N,1
54104890,AMO,Y,N,N,1
54104898,APO,N,Y,N,1
54104900,APO,Y,N,Y,1
54105257,AMO,N,N,Y,1
54105263,ATE,Y,N,Y,1
54105486,APO,N,Y,N,1
54105489,APO,N,Y,N,1
54105510,APO,N,Y,Y,1
54106312,APO,N,N,Y,1
54106630,AMO,N,Y,N,1
54106087,ATE,N,Y,N,1
54106532,APO,N,Y,N,1
54106566,AMO,N,N,Y,1
54106573,AMO,N,N,Y,1
54106591,AMO,Y,N,N,1
54106595,APO,N,Y,N,1
54110075,APO,Y,N,Y,1
54111242,AMO,N,Y,N,1
54111250,APO,N,Y,N,1
54111251,APO,N,Y,N,1
54111262,AMO,N,N,Y,1
54114202,APO,N,N,Y,1
54114203,AMO,N,Y,N,1
54114208,AMO,N,Y,N,1
54115830,AMO,N,N,Y,1
54117561,APO,Y,N,Y,1
54121874,APO,Y,N,Y,1
54117577,APO,N,Y,N,1
54117581,APO,N,Y,N,1
54121895,APO,Y,N,N,1
54121898,APO,Y,N,N,1
54121904,APO,Y,N,N,1
54122193,AMO,N,Y,N,1
54122195,AMO,Y,N,N,1
54122197,AMO,Y,N,N,1
54122199,APO,N,N,Y,1
54122967,APO,Y,N,N,1
54125416,AMO,Y,N,N,1
54122970,APO,Y,N,N,1
54123259,APO,Y,N,N,1
54123274,APO,N,Y,N,1
54123275,AMO,N,Y,N,1
54123425,APO,N,N,Y,1
54123433,AMO,N,Y,N,1
54131527,AMO,Y,N,N,1
54130487,APO,N,N,Y,1
54130503,APO,N,Y,N,1
54130767,AMO,N,N,Y,1
54131387,AMO,N,N,Y,1
54131390,APO,N,N,Y,1
54131413,APO,N,N,Y,1
54131414,APO,Y,N,Y,1
54131483,APO,Y,N,N,1
54131531,APO,Y,N,N,1
54131590,AMO,N,Y,N,1
54131591,APO,N,Y,N,1
54132046,AMO,N,Y,N,1
54132072,ATE,Y,N,Y,1
54132117,APO,N,Y,N,1
54132423,APO,N,N,Y,1
54132422,APO,Y,N,N,1
54134396,AMO,N,N,Y,1
54134543,APO,N,Y,N,1
54134662,AMO,N,N,Y,1
54134663,APO,N,Y,N,1
54134948,ATE,N,Y,N,1
54135140,APO,N,Y,N,1
54135145,APO,N,N,Y,1
54135431,APO,N,Y,N,1
54135546,ATE,Y,N,Y,1
54135787,ATE,N,N,Y,1
54135789,AMO,N,Y,N,1
54136200,APO,N,N,Y,1
54136204,APO,Y,N,Y,1
54137137,AMO,Y,N,N,1
54137448,AMO,N,Y,N,1
54137505,APO,N,Y,N,1
54137801,APO,N,N,Y,1
54137809,APO,N,N,Y,1
54137808,APO,Y,N,N,1
54138305,AMO,Y,N,N,1
54138700,APO,Y,Y,N,1
54139097,AMO,Y,N,N,1
54145583,AMO,Y,N,N,1
54138697,APO,N,Y,N,1
54138709,APO,N,N,Y,1
54139086,APO,N,Y,N,1
54150700,AMO,N,N,Y,1
54142841,APO,Y,N,Y,1
54143416,APO,N,N,Y,1
54143561,AMO,Y,N,N,1
54144240,APO,Y,N,Y,1
54144918,APO,N,N,Y,1
54144922,AMO,Y,N,N,1
54144925,APO,Y,Y,Y,1
54144927,ATE,N,N,Y,1
54144934,APO,Y,N,N,1
54145080,APO,N,N,Y,1
54145083,APO,Y,N,N,1
54145087,APO,N,Y,N,1
54145212,APO,N,Y,N,1
54145572,APO,N,N,Y,1
54145576,ATE,N,N,Y,1
54145579,APO,N,Y,N,1
54145581,AMO,N,Y,N,1
54145784,APO,Y,N,N,1
54146072,APO,N,Y,N,1
54146684,APO,N,Y,N,1
54147136,APO,N,Y,N,1
54147684,AMO,N,N,Y,1
54147751,APO,N,Y,N,1
54151574,APO,N,Y,N,1
54153121,AMO,Y,N,N,1
54160403,AMO,N,Y,N,1
54152395,APO,N,Y,N,1
54154697,APO,N,N,Y,1
54155286,APO,Y,Y,N,1
54155284,APO,N,Y,N,1
54156746,ATE,N,Y,N,1
54158067,APO,Y,N,N,1
54158071,AMO,Y,N,N,1
54158257,APO,Y,N,N,1
54159393,APO,N,N,Y,1
54159399,APO,Y,N,Y,1
54159400,AMO,N,Y,N,1
54159402,ATE,Y,N,N,1
54160163,APO,N,N,Y,1
54160166,ATE,N,Y,N,1
54160170,AMO,N,Y,N,1
54160713,APO,N,N,Y,1
54160719,APO,Y,Y,N,1
54167161,AMO,N,Y,N,1
54161318,ATE,N,N,Y,1
54161734,APO,N,Y,N,1
54161773,AMO,Y,N,N,1
54161774,APO,N,Y,N,1
54161777,APO,N,N,Y,1
54162245,APO,N,N,Y,1
54162300,APO,N,Y,N,1
54165396,APO,Y,N,Y,1
54165797,AMO,N,N,Y,1
54166590,ATE,N,Y,N,1
54166171,APO,N,N,Y,1
54168783,APO,N,Y,N,1
54171310,APO,Y,N,Y,1
54172536,AMO,Y,N,N,1
54171755,ATE,Y,N,Y,1
54171997,APO,N,N,Y,1
54176599,APO,N,N,Y,1
54177596,APO,N,Y,Y,1
54178989,AMO,N,Y,N,1
54183800,AMO,N,Y,N,1
54184281,ATE,N,N,Y,1
54185129,AMO,N,N,Y,1
54185134,APO,N,N,Y,1
54185144,AMO,N,N,Y,1
54185580,AMO,N,Y,N,1
54185796,APO,N,Y,Y,1
54186215,APO,N,N,Y,1
54186922,IEO,N,Y,N,1
54191835,APO,Y,N,Y,1
54186211,AMO,N,N,Y,1
54189959,ATE,Y,N,N,1
54190794,AMO,N,Y,N,1
54190793,AMO,N,N,Y,1
54190795,AMO,N,Y,N,1
54191253,APO,N,N,Y,1
54191847,APO,Y,N,N,1
54192169,AMO,Y,N,N,1
54192208,APO,Y,N,N,1
54191851,APO,N,N,Y,1
54192175,AMO,N,N,Y,1
54192187,AMO,N,N,Y,1
54192210,AMO,N,Y,Y,1
54192213,APO,N,N,Y,1
54192743,APO,Y,N,N,1
54192753,AMO,N,N,Y,1
54193345,APO,N,Y,N,1
54194346,APO,N,Y,N,1
54194350,APO,N,Y,N,1
54194965,ATE,Y,N,N,1
54195861,APO,N,N,Y,1
54195864,APO,Y,N,Y,1
54195880,ATE,Y,N,N,1
54195882,APO,N,Y,N,1
54195889,AMO,Y,N,N,1
54196406,APO,N,Y,N,1
54196413,APO,Y,N,N,1
54196826,AMO,Y,N,N,1
54198380,AMO,Y,N,Y,1
54198382,APO,Y,N,N,1
54209479,ATE,N,Y,N,1
54198201,APO,N,Y,N,1
54200452,APO,N,N,Y,1
54200453,APO,N,Y,N,1
54200455,AMO,Y,N,N,1
54203008,APO,Y,N,N,1
54201461,APO,N,N,Y,1
54202340,APO,N,N,Y,1
54202996,APO,N,Y,N,1
54203708,AMO,Y,N,N,1
54203711,AMO,N,Y,Y,1
54204648,AMO,N,N,Y,1
54204652,APO,N,Y,N,1
54204657,ATE,Y,N,N,1
54205443,AMO,N,Y,N,1
54207048,ATE,Y,N,N,1
54208040,AMO,N,N,Y,1
54208042,APO,N,N,Y,1
54208043,APO,N,Y,N,1
54209314,ATE,Y,N,N,1
54209486,APO,N,N,Y,1
54212584,APO,N,Y,N,1
54212586,APO,Y,Y,N,1
54212683,APO,N,N,Y,1
54212926,ATE,N,Y,N,1
54212929,AMO,N,N,Y,1
54212934,ATE,N,N,Y,1
54212942,APO,N,N,Y,1
54213275,APO,N,N,Y,1
54213612,AMO,Y,N,N,1
54213627,APO,N,Y,N,1
54213630,APO,N,Y,N,1
54213631,APO,N,N,Y,1
54214050,APO,N,N,Y,1
54214727,AMO,Y,N,N,1
54215207,APO,N,Y,N,1
54215640,ATE,N,Y,N,1
54215644,APO,Y,N,N,1
54216183,AMO,N,Y,N,1
54216187,APO,Y,N,N,1
54216177,APO,Y,N,N,1
54216306,APO,Y,N,N,1
54216314,APO,N,Y,N,1
54216328,APO,N,N,Y,1
54216329,AMO,N,Y,N,1
54216374,APO,N,N,Y,1
54216383,AMO,N,N,Y,1
54217975,APO,N,N,Y,1
54217983,APO,Y,N,N,1
54218586,AMO,N,Y,N,1
54219284,AMO,N,Y,N,1
54219294,AMO,N,N,Y,1
54219775,AMO,Y,N,Y,1
54219304,AMO,Y,N,N,1
54221203,APO,N,Y,N,1
54221205,APO,N,Y,N,1
54223981,AMO,Y,N,N,1
54224161,ATE,N,N,Y,1
54224418,APO,N,Y,N,1
54224419,APO,N,Y,N,1
54224994,APO,Y,N,N,1
54225012,APO,N,Y,N,1
54225015,APO,Y,N,Y,1
54225509,APO,N,Y,N,1
54225708,APO,Y,Y,N,1
54225719,APO,N,Y,N,1
54226107,AMO,Y,N,N,1
54225725,APO,N,Y,N,1
54226108,APO,N,Y,Y,1
54226406,APO,N,Y,N,1
54226414,APO,Y,N,N,1
54226799,APO,N,N,Y,1
54228541,AMO,N,Y,N,1
54228816,AMO,N,N,Y,1
54228823,AMO,N,Y,N,1
54231658,APO,N,N,Y,1
54231710,AMO,N,N,Y,1
54231780,AMO,N,Y,N,1
54235438,AMO,N,N,Y,1
54235440,APO,Y,N,Y,1
54235529,APO,Y,Y,N,1
54235534,APO,Y,N,Y,1
54235535,AMO,N,N,Y,1
54235537,AMO,N,Y,N,1
54235661,AMO,Y,N,N,1
54235663,ATE,N,N,Y,1
54236421,AMO,N,Y,N,1
54236429,AMO,Y,N,N,1
54236434,APO,N,N,Y,1
54236584,AMO,Y,N,Y,1
54236939,APO,N,N,Y,1
54239517,AMO,Y,N,N,1
54239716,APO,Y,N,N,1
54239783,APO,N,N,Y,1
54239841,APO,N,Y,N,1
54239847,APO,N,Y,N,1
54240292,APO,N,Y,N,1
54240294,APO,N,N,Y,1
54240406,APO,N,Y,N,1
54240413,AMO,N,Y,N,1
54240416,AMO,N,Y,N,1
54240418,AMO,N,Y,N,1
54240420,APO,Y,N,Y,1
54240510,APO,N,N,Y,1
54240509,APO,N,N,Y,1
54243723,APO,N,Y,N,1
54245590,APO,Y,N,Y,1
54245820,APO,N,Y,N,1
54246381,AMO,Y,N,N,1
54244187,ATE,N,Y,N,1
54244538,APO,N,N,Y,1
54244786,AMO,N,Y,N,1
54244788,AMO,N,Y,N,1
54245816,APO,N,Y,N,1
54245822,APO,Y,N,N,1
54246382,ATE,Y,N,N,1
54246388,APO,N,Y,N,1
54246393,AMO,N,N,Y,1
54247993,AMO,Y,N,N,1
54256790,AMO,N,Y,N,1
54248181,APO,N,N,Y,1
54248185,APO,N,Y,N,1
54248246,APO,N,Y,N,1
54248456,APO,N,N,Y,1
54248459,AMO,N,Y,N,1
54248549,APO,N,N,Y,1
54248554,APO,N,N,Y,1
54248644,AMO,N,Y,Y,1
54248649,AMO,Y,N,N,1
54248853,APO,Y,N,Y,1
54248958,APO,Y,N,N,1
54249332,AMO,N,N,Y,1
54262976,ATE,Y,N,N,1
54248799,AMO,N,N,Y,1
54248970,APO,N,N,Y,1
54249059,APO,Y,N,Y,1
54249067,APO,N,N,Y,1
54249328,AMO,Y,N,N,1
54251530,AMO,Y,N,N,1
54251533,APO,N,N,Y,1
54252595,APO,N,N,Y,1
54252594,APO,N,Y,N,1
54253550,AMO,Y,N,N,1
54255058,APO,N,N,Y,1
54255059,APO,N,N,Y,1
54255806,APO,Y,N,N,1
54256786,APO,N,N,Y,1
54256788,APO,N,N,Y,1
54257288,APO,N,N,Y,1
54257605,APO,N,N,Y,1
54260714,APO,N,Y,N,1
54264234,APO,N,Y,N,1
54265772,AMO,N,Y,N,1
54268436,AMO,N,N,Y,1
54268441,APO,N,N,Y,1
54268445,AMO,N,N,Y,1
54268811,APO,N,N,Y,1
54268818,APO,N,Y,N,1
54269056,AMO,N,N,Y,1
54269063,ATE,N,N,Y,1
54269578,APO,N,Y,N,1
54269643,AMO,Y,N,Y,1
54269648,APO,N,Y,N,1
54269711,APO,Y,N,N,1
54272758,AMO,Y,N,Y,1
54272762,APO,N,Y,N,1
54275848,AMO,Y,N,Y,1
54276148,ATE,N,Y,N,1
54276235,AMO,N,Y,N,1
54276237,APO,Y,N,N,1
54276380,APO,N,Y,N,1
54276390,ATE,Y,N,N,1
54276472,APO,Y,N,Y,1
54276981,APO,N,N,Y,1
54277079,APO,N,Y,N,1
54277095,APO,N,Y,N,1
54279831,AMO,Y,N,N,1
54278097,APO,N,Y,N,1
54278099,APO,N,N,Y,1
54278102,APO,N,Y,N,1
54278224,APO,N,N,Y,1
54278256,APO,N,Y,Y,1
54278316,AMO,Y,N,N,1
54278351,APO,N,N,Y,1
54278350,APO,N,Y,N,1
54278444,APO,N,N,Y,1
54278663,ATE,N,Y,N,1
54279029,APO,N,Y,N,1
54279033,APO,Y,N,N,1
54280227,APO,Y,N,N,1
54280291,AMO,N,N,Y,1
54280680,AMO,Y,N,N,1
54280846,APO,N,N,Y,1
54281252,AMO,N,Y,N,1
54281253,APO,N,N,Y,1
54281254,AMO,N,N,Y,1
54281724,APO,N,N,Y,1
54281887,APO,N,Y,N,1
54281967,AMO,N,N,Y,1
54282642,AMO,N,Y,Y,1
54282643,AMO,N,Y,N,1
54282645,APO,Y,N,Y,1
54287658,APO,N,Y,N,1
54289133,APO,N,N,Y,1
54289649,APO,Y,Y,Y,1
54289752,ATE,N,N,Y,1
54290244,APO,N,Y,N,1
54291304,APO,N,N,Y,1
54291602,APO,Y,N,N,1
54291613,APO,N,Y,N,1
54292463,APO,Y,N,N,1
54292683,APO,N,Y,N,1
54292841,ATE,N,Y,N,1
54293102,APO,Y,N,N,1
54293317,AMO,N,Y,N,1
54294869,APO,N,Y,Y,1
54295343,APO,Y,N,N,1
54295352,APO,N,Y,N,1
54303335,AMO,N,N,Y,1
54296535,APO,N,Y,N,1
54296540,AMO,N,Y,N,1
54296543,APO,N,N,Y,1
54296743,AMO,Y,N,Y,1
54296744,APO,Y,N,N,1
54298770,AMO,N,Y,N,1
54299002,APO,N,Y,N,1
54300304,APO,Y,N,Y,1
54300826,APO,Y,N,N,1
54300829,AMO,N,N,Y,1
54306922,AMO,Y,N,N,1
54399495,APO,N,N,Y,1
54300593,APO,N,Y,N,1
54300834,APO,Y,N,Y,1
54301298,APO,N,Y,N,1
54301305,APO,N,Y,N,1
54302656,AMO,N,Y,N,1
54302657,APO,N,N,Y,1
54303676,APO,Y,N,Y,1
54303763,APO,N,N,Y,1
54304117,APO,Y,N,Y,1
54305018,APO,Y,N,N,1
54304755,AMO,N,Y,N,1
54305230,AMO,N,Y,N,1
54305240,AMO,N,Y,N,1
54305246,APO,Y,N,Y,1
54305672,ATE,Y,N,N,1
54306612,ATE,Y,N,N,1
54307220,AMO,N,N,Y,1
54308053,AMO,N,Y,N,1
54308057,AMO,N,Y,N,1
54308093,APO,Y,N,Y,1
54308103,APO,N,Y,N,1
54308104,AMO,N,Y,N,1
54308107,AMO,N,N,Y,1
54309256,AMO,N,N,Y,1
54310923,AMO,N,Y,N,1
54312819,APO,N,N,Y,1
54312917,APO,Y,N,N,1
54314203,AMO,Y,N,N,1
54316346,AMO,Y,N,Y,1
54318591,AMO,N,Y,N,1
54313607,APO,N,N,Y,1
54313618,APO,Y,N,N,1
54316345,APO,Y,N,Y,1
54316494,APO,N,Y,N,1
54317872,APO,N,N,Y,1
54318585,APO,Y,N,N,1
54316690,APO,N,Y,N,1
54316892,AMO,N,Y,N,1
54317181,AMO,N,N,Y,1
54317188,APO,N,N,Y,1
54317867,APO,N,N,Y,1
54317868,APO,N,N,Y,1
54317874,APO,N,N,Y,1
54318594,AMO,Y,N,Y,1
54318593,AMO,Y,N,N,1
54319151,APO,Y,N,Y,1
54319455,APO,N,N,Y,1
54320175,AMO,N,N,Y,1
54320185,AMO,Y,N,N,1
54320195,APO,N,Y,N,1
54320720,ATE,N,N,Y,1
54321087,AMO,N,N,Y,1
54321458,APO,Y,N,Y,1
54321464,AMO,N,Y,N,1
54321805,AMO,N,N,Y,1
54321815,APO,N,Y,N,1
54321817,APO,Y,N,N,1
54322224,ATE,N,Y,N,1
54322714,AMO,N,N,Y,1
54322717,AMO,N,N,Y,1
54322877,APO,N,N,Y,1
54322884,ATE,Y,N,N,1
54322891,AMO,N,Y,N,1
54322895,AMO,Y,N,N,1
54323897,APO,N,Y,N,1
54326416,APO,N,N,Y,1
54329630,APO,Y,N,N,1
54324411,APO,Y,N,N,1
54326418,APO,N,N,Y,1
54326648,APO,N,Y,N,1
54327486,ATE,Y,N,N,1
54327890,AMO,Y,N,N,1
54327748,AMO,N,N,Y,1
54327902,APO,N,Y,N,1
54327905,APO,N,N,Y,1
54328066,AMO,Y,N,Y,1
54328072,APO,Y,N,N,1
54328074,APO,N,N,Y,1
54330038,APO,Y,N,Y,1
54330039,APO,N,Y,N,1
54330041,APO,Y,N,N,1
54330296,AMO,Y,N,N,1
54330301,APO,N,Y,N,1
54330570,APO,Y,N,Y,1
54330729,AMO,Y,N,N,1
54330730,APO,Y,N,N,1
54330915,AMO,Y,N,N,1
54331178,AMO,N,N,Y,1
54334002,APO,Y,N,N,1
54334003,APO,Y,N,Y,1
54331802,APO,N,N,Y,1
54332008,APO,N,N,Y,1
54332730,APO,Y,N,N,1
54334001,APO,Y,N,N,1
54334005,APO,N,Y,N,1
54334584,AMO,N,Y,N,1
54336056,APO,Y,N,N,1
54336807,ATE,N,Y,N,1
54339171,AMO,Y,N,N,1
54335608,APO,N,N,Y,1
54336057,APO,N,N,Y,1
54336061,ATE,Y,N,N,1
54336239,APO,N,N,Y,1
54336624,AMO,Y,N,N,1
54336637,APO,N,Y,N,1
54336802,ATE,Y,N,N,1
54336812,APO,Y,N,Y,1
54336914,APO,N,Y,N,1
54336966,APO,N,N,Y,1
54336965,AMO,N,Y,N,1
54337026,APO,N,Y,N,1
54337574,AMO,N,Y,N,1
54337575,APO,N,Y,N,1
54337706,AMO,N,N,Y,1
54337707,APO,Y,N,N,1
54338282,ATE,N,Y,N,1
54338283,AMO,Y,N,N,1
54338670,APO,N,Y,N,1
54338709,APO,N,Y,N,1
54338832,APO,N,N,Y,1
54339215,AMO,N,N,Y,1
54339241,APO,Y,N,N,1
54339759,APO,N,Y,N,1
54339876,AMO,N,Y,N,1
54339967,AMO,N,Y,N,1
54340272,APO,N,N,Y,1
54340430,APO,N,Y,N,1
54340440,APO,Y,N,N,1
54340446,APO,Y,N,N,1
54340469,AMO,Y,N,N,1
54340780,AMO,N,Y,Y,1
54341458,AMO,Y,N,N,1
54341468,AMO,N,Y,N,1
54342222,AMO,Y,N,N,1
54417773,ATE,N,Y,N,1
54340713,APO,N,Y,N,1
54341443,APO,N,N,Y,1
54341485,APO,Y,N,N,1
54341555,APO,N,Y,N,1
54341590,APO,N,Y,N,1
54341596,AMO,N,N,Y,1
54341635,APO,Y,N,N,1
54342225,APO,N,N,Y,1
54342549,AMO,N,N,Y,1
54342552,APO,Y,N,N,1
54342612,APO,N,N,Y,1
54342613,APO,Y,N,Y,1
54347914,AMO,N,Y,N,1
54347916,AMO,N,Y,N,1
54347920,APO,N,Y,N,1
54347925,APO,N,Y,N,1
54351253,APO,Y,N,Y,1
54351264,APO,N,N,Y,1
54350895,APO,N,N,Y,1
54351258,APO,Y,N,N,1
54351350,APO,N,N,Y,1
54351832,AMO,N,N,Y,1
54352079,APO,N,Y,N,1
54352081,AMO,N,N,Y,1
54352295,AMO,N,Y,N,1
54352557,APO,N,N,Y,1
54352561,AMO,Y,N,N,1
54352564,APO,N,N,Y,1
54352567,ATE,Y,N,N,1
54352568,APO,N,Y,N,1
54352571,AMO,N,Y,N,1
54352929,AMO,Y,N,N,1
54353142,APO,N,Y,N,1
54353612,APO,N,N,Y,1
54353613,ATE,Y,N,N,1
54353683,AMO,Y,N,N,1
54353682,AMO,N,N,Y,1
54399502,APO,N,N,Y,1
54354282,APO,N,N,Y,1
54354357,APO,N,Y,N,1
54354358,APO,N,Y,N,1
54354363,APO,N,N,Y,1
54354395,ATE,N,Y,N,1
54354410,APO,N,N,Y,1
54354411,APO,N,Y,N,1
54354418,AMO,N,Y,N,1
54354510,APO,Y,N,N,1
54356983,APO,Y,N,N,1
54354504,AMO,N,Y,N,1
54354505,ATE,N,Y,N,1
54354660,APO,N,Y,N,1
54354661,AMO,Y,N,Y,1
54354865,ATE,Y,N,N,1
54354867,APO,Y,N,Y,1
54354970,APO,N,N,Y,1
54355030,APO,Y,N,N,1
54355039,AMO,N,Y,N,1
54355042,APO,N,N,Y,1
54356032,ATE,N,N,Y,1
54356389,APO,N,Y,N,1
54356837,APO,N,Y,N,1
54356992,APO,Y,Y,N,1
54357096,AMO,Y,N,Y,1
54357256,APO,N,Y,N,1
54357275,AMO,N,N,Y,1
54357343,APO,Y,N,N,1
54357347,APO,Y,N,N,1
54358377,AMO,N,Y,N,1
54357462,AMO,N,N,Y,1
54357977,AMO,Y,N,N,1
54358248,APO,N,N,Y,1
54358385,APO,N,N,Y,1
54358576,AMO,N,Y,N,1
54358767,ATE,Y,N,N,1
54358914,APO,N,N,Y,1
54359133,APO,Y,N,N,1
54359134,AMO,N,Y,N,1
54359401,APO,N,N,Y,1
54359410,APO,N,Y,N,1
54359925,APO,N,Y,N,1
54360001,APO,Y,N,Y,1
54360086,APO,N,N,Y,1
54360094,APO,Y,N,N,1
54360194,AMO,N,Y,N,1
54360197,APO,Y,N,N,1
54360731,IEO,N,N,Y,1
54367468,APO,N,Y,N,1
54373232,APO,Y,N,Y,1
54373333,APO,Y,Y,Y,1
54373541,ATE,Y,N,N,1
54373544,APO,N,Y,N,1
54373588,AMO,N,Y,N,1
54373589,APO,N,N,Y,1
54373933,APO,Y,N,Y,1
54374163,APO,N,Y,N,1
54374210,AMO,N,N,Y,1
54374212,APO,Y,N,N,1
54374340,APO,N,N,Y,1
54374363,AMO,N,N,Y,1
54376458,ATE,N,N,Y,1
54376460,APO,N,Y,N,1
54377562,AMO,Y,N,N,1
54376833,APO,N,N,Y,1
54376902,APO,N,Y,N,1
54377386,APO,Y,N,Y,1
54377395,APO,N,Y,N,1
54377571,APO,N,Y,N,1
54377568,APO,Y,N,N,1
54377971,APO,N,N,Y,1
54378334,APO,N,Y,N,1
54378338,APO,Y,Y,N,1
54378773,APO,Y,N,Y,1
54378870,APO,Y,N,N,1
54378881,ATE,N,N,Y,1
54378891,ATE,N,Y,N,1
54379769,APO,Y,N,Y,1
54379927,APO,N,N,Y,1
54380572,AMO,N,Y,N,1
54380892,APO,Y,N,N,1
54380893,APO,N,N,Y,1
54381329,APO,N,N,Y,1
54381333,AMO,N,N,Y,1
54381338,APO,N,Y,N,1
54381340,AMO,N,Y,N,1
54381341,APO,N,Y,N,1
54381677,APO,Y,N,N,1
54382559,APO,N,N,Y,1
54382565,AMO,N,Y,N,1
54382890,APO,N,Y,N,1
54382892,ATE,N,Y,N,1
54382893,AMO,Y,N,N,1
54383283,APO,Y,N,Y,1
54383289,AMO,N,Y,N,1
54383304,AMO,N,Y,N,1
54384207,APO,Y,Y,N,1
54384210,APO,N,Y,N,1
54388338,APO,N,Y,N,1
54427937,APO,N,N,Y,1
54384767,ATE,Y,N,N,1
54385251,APO,N,N,Y,1
54385792,APO,N,Y,N,1
54385801,AMO,Y,N,Y,1
54387379,APO,Y,N,N,1
54387388,APO,N,Y,N,1
54389207,APO,N,Y,N,1
54397155,ATE,N,Y,N,1
54391014,APO,N,Y,N,1
54391028,APO,N,N,Y,1
54391029,APO,N,Y,N,1
54391036,APO,N,N,Y,1
54392053,APO,N,Y,N,1
54392068,APO,N,Y,N,1
54392072,APO,N,Y,N,1
54392076,AMO,N,N,Y,1
54392417,APO,N,N,Y,1
54392427,AMO,N,Y,N,1
54392937,APO,Y,N,N,1
54392943,APO,N,Y,N,1
54393146,APO,Y,N,N,1
54393149,APO,N,Y,N,1
54393421,APO,N,Y,Y,1
54393994,APO,N,Y,N,1
54395886,AMO,Y,N,N,1
54395888,APO,Y,N,N,1
54395883,AMO,N,N,Y,1
54395895,APO,N,Y,N,1
54396392,AMO,Y,N,N,1
54396402,ATE,N,Y,N,1
54397133,APO,N,Y,N,1
54397142,APO,N,Y,N,1
54397143,APO,Y,N,N,1
54397145,AMO,N,N,Y,1
54397458,APO,Y,N,N,1
54398533,AMO,N,Y,N,1
54399995,ATE,Y,N,N,1
54402049,APO,Y,Y,N,1
54402140,APO,N,Y,N,1
54402459,APO,N,Y,N,1
54402650,APO,N,Y,N,1
54403814,AMO,N,N,Y,1
54404085,APO,N,Y,N,1
54404100,APO,N,Y,N,1
54404644,APO,Y,N,N,1
54406287,ATE,N,Y,Y,1
54406286,APO,N,Y,N,1
54406861,ATE,N,N,Y,1
54408199,AMO,N,Y,N,1
54408200,APO,N,Y,N,1
54408329,APO,N,N,Y,1
54411558,AMO,Y,N,Y,1
54412459,APO,N,Y,N,1
54414150,APO,N,Y,N,1
54414583,APO,N,N,Y,1
54415282,APO,N,Y,N,1
54415294,APO,N,N,Y,1
54415302,AMO,Y,N,N,1
54415861,AMO,Y,N,N,1
54415865,AMO,Y,N,N,1
54415868,AMO,Y,N,N,1
54416579,AMO,N,Y,N,1
54416589,AMO,N,Y,N,1
54416590,APO,Y,N,N,1
54416849,APO,N,Y,N,1
54416856,APO,Y,Y,N,1
54416958,APO,N,Y,N,1
54416959,APO,Y,N,N,1
54417168,APO,N,N,Y,1
54417172,APO,N,Y,N,1
54417174,APO,Y,N,N,1
54417535,APO,N,Y,N,1
54418495,AMO,Y,N,Y,1
54417654,APO,N,N,Y,1
54418175,AMO,Y,N,N,1
54418210,APO,N,N,Y,1
54418267,APO,N,Y,N,1
54418268,APO,N,Y,N,1
54418440,ATE,Y,Y,N,1
54418656,AMO,N,N,Y,1
54419182,APO,Y,N,N,1
54419704,APO,Y,N,N,1
54419819,AMO,N,Y,N,1
54420151,APO,N,Y,N,1
54420156,APO,N,N,Y,1
54421648,ATE,Y,N,N,1
54422167,APO,Y,N,N,1
54423826,APO,Y,N,N,1
54421081,APO,N,Y,N,1
54421390,APO,N,Y,N,1
54421392,APO,N,N,Y,1
54421911,APO,N,N,Y,1
54421917,APO,N,Y,N,1
54422162,APO,Y,N,N,1
54422949,APO,Y,N,Y,1
54422950,ATE,N,N,Y,1
54423146,AMO,N,Y,N,1
54423513,APO,N,N,Y,1
54423830,APO,Y,Y,Y,1
54423833,APO,Y,N,N,1
54426238,AMO,N,Y,N,1
54423784,ATE,N,N,Y,1
54423835,APO,N,N,Y,1
54423836,APO,Y,N,Y,1
54423944,APO,N,Y,N,1
54425071,AMO,Y,N,Y,1
54425074,APO,N,N,Y,1
54425751,APO,Y,N,N,1
54425951,APO,Y,N,N,1
54425953,AMO,N,N,Y,1
54426070,APO,N,Y,N,1
54426073,APO,Y,N,N,1
54426474,ATE,N,N,Y,1
54426749,APO,N,Y,N,1
54426751,APO,Y,N,Y,1
54427166,APO,Y,N,N,1
54427170,APO,Y,N,N,1
54427187,AMO,N,Y,N,1
54427177,APO,Y,N,N,1
54427455,APO,Y,Y,N,1
54427940,APO,Y,N,N,1
54428550,AMO,N,Y,N,1
54428583,APO,Y,N,N,1
54429269,ATE,N,Y,N,1
54429345,APO,N,N,Y,1
54429636,AMO,N,Y,N,1
54429761,APO,N,Y,N,1
54429990,AMO,N,Y,N,1
54430098,AMO,N,N,Y,1
54430476,ATE,N,N,Y,1
54430721,APO,N,Y,N,1
54430773,APO,N,N,Y,1
54430772,APO,N,Y,N,1
54430777,ATE,N,Y,N,1
54431491,APO,N,Y,N,1
54431588,APO,Y,N,Y,1
54431621,AMO,Y,N,N,1
54431625,AMO,N,Y,N,1
54431700,ATE,N,N,Y,1
54431805,APO,Y,N,N,1
54431814,APO,Y,N,N,1
54431818,AMO,Y,N,N,1
54431983,APO,Y,N,N,1
54431986,APO,N,Y,N,1
54432468,APO,Y,N,N,1
54432471,APO,N,N,Y,1
54432339,AMO,Y,N,N,1
54432458,APO,N,Y,N,1
54432465,APO,N,Y,N,1
54432477,APO,N,N,Y,1
54433329,APO,N,Y,N,1
54433560,AMO,N,N,Y,1
54433566,AMO,N,Y,N,1
54433731,APO,N,Y,N,1
54433734,APO,N,Y,N,1
54434339,APO,N,N,Y,1
54434340,AMO,N,N,Y,1
54434348,APO,Y,N,N,1
54434349,APO,N,Y,N,1
54434764,AMO,Y,N,N,1
54466222,AMO,Y,Y,Y,1
54440316,AMO,N,Y,N,1
54435541,APO,Y,N,Y,1
54435950,AMO,N,Y,N,1
54439316,APO,Y,N,Y,1
54439424,AMO,N,N,Y,1
54440322,APO,N,Y,N,1
54439317,AMO,N,Y,N,1
54439327,APO,Y,N,N,1
54439329,APO,N,Y,N,1
54439429,APO,N,N,Y,1
54439882,APO,N,Y,N,1
54439884,APO,N,N,Y,1
54439896,AMO,N,Y,N,1
54440643,AMO,Y,N,N,1
54440646,AMO,N,Y,N,1
54440647,APO,Y,N,N,1
54440650,APO,Y,N,N,1
54441092,APO,N,N,Y,1
54441097,APO,N,Y,N,1
54441270,APO,Y,N,Y,1
54441683,AMO,Y,N,N,1
54441865,ATE,Y,N,N,1
54441867,AMO,N,Y,N,1
54441873,APO,N,N,Y,1
54442144,ATE,N,N,Y,1
54442508,APO,N,N,Y,1
54442646,APO,N,N,Y,1
54444955,AMO,N,Y,N,1
54444959,APO,Y,Y,N,1
54445201,APO,N,N,Y,1
54445207,APO,N,Y,N,1
54445208,APO,N,Y,N,1
54445579,AMO,N,N,Y,1
54445578,APO,Y,N,Y,1
54445619,APO,Y,N,N,1
54446350,APO,Y,N,Y,1
54446351,AMO,N,Y,N,1
54446560,AMO,Y,N,N,1
54447039,APO,N,N,Y,1
54447406,APO,N,N,Y,1
54447960,ATE,N,N,Y,1
54448599,APO,Y,Y,N,1
54453741,APO,N,Y,N,1
54454874,APO,N,Y,N,1
54455880,AMO,N,N,Y,1
54458187,APO,Y,Y,Y,1
54458173,AMO,N,Y,N,1
54458185,APO,N,Y,N,1
54458194,AMO,N,Y,N,1
54458508,APO,N,Y,N,1
54458891,APO,Y,N,N,1
54458892,AMO,N,N,Y,1
54458895,APO,Y,N,Y,1
54459242,APO,Y,Y,N,1
54462806,APO,N,N,Y,1
54462807,ATE,N,Y,N,1
54465173,AMO,Y,N,N,1
54465221,AMO,N,Y,N,1
54465271,APO,N,N,Y,1
54465700,AMO,N,Y,N,1
54466059,AMO,N,Y,N,1
54466137,APO,N,Y,N,1
54466251,AMO,N,N,Y,1
54468515,AMO,Y,N,N,1
54467168,AMO,N,Y,N,1
54467172,AMO,N,Y,N,1
54467189,APO,Y,N,N,1
54467196,APO,Y,N,Y,1
54467480,APO,Y,N,Y,1
54467484,APO,N,N,Y,1
54467539,AMO,Y,N,N,1
54467564,ATE,N,N,Y,1
54468771,AMO,N,N,Y,1
54467968,APO,Y,N,N,1
54467972,AMO,N,Y,N,1
54468767,AMO,N,N,Y,1
54468772,APO,N,Y,N,1
54468776,APO,N,Y,N,1
54468790,AMO,Y,N,N,1
54469018,APO,Y,N,N,1
54469024,APO,N,Y,N,1
54469029,ATE,Y,N,Y,1
54469038,APO,Y,N,Y,1
54469550,APO,N,Y,N,1
54470421,AMO,N,N,Y,1
54470425,APO,N,Y,N,1
54470727,AMO,Y,N,N,1
54470728,AMO,Y,N,N,1
54471056,AMO,N,Y,N,1
54471061,ATE,Y,N,N,1
54471067,APO,N,Y,N,1
54471074,AMO,N,Y,N,1
54471077,AMO,N,N,Y,1
54471080,APO,N,Y,N,1
54471379,AMO,N,N,Y,1
54471381,AMO,N,Y,N,1
54471384,APO,N,Y,N,1
54471952,APO,N,N,Y,1
54471955,AMO,N,N,Y,1
54478639,APO,Y,N,N,1
54480236,APO,N,N,Y,1
54480949,APO,N,Y,N,1
54482422,AMO,N,Y,N,1
54483859,APO,N,N,Y,1
54484284,AMO,N,N,Y,1
54484288,APO,N,Y,N,1
54485954,APO,N,Y,N,1
54494252,AMO,N,Y,N,1
54496035,AMO,N,Y,N,1
54486936,AMO,N,Y,N,1
54487057,APO,N,N,Y,1
54487063,APO,Y,N,N,1
54487950,AMO,N,N,Y,1
54489668,APO,N,N,Y,1
54489669,APO,N,N,Y,1
54490138,AMO,Y,N,Y,1
54490515,APO,N,Y,N,1
54490869,APO,Y,N,N,1
54492227,APO,Y,N,N,1
54492948,APO,N,N,Y,1
54494099,APO,N,Y,N,1
54495422,AMO,Y,N,Y,1
54496000,APO,N,N,Y,1
54496005,APO,N,N,Y,1
54496014,APO,N,Y,Y,1
54496025,APO,Y,N,N,1
54496207,APO,Y,N,N,1
54496213,AMO,N,N,Y,1
54496400,AMO,N,Y,N,1
54496401,APO,Y,N,N,1
54496628,APO,N,Y,N,1
54496629,APO,N,N,Y,1
54496846,APO,N,Y,N,1
54496847,AMO,N,N,Y,1
54497178,AMO,N,N,Y,1
54497453,AMO,Y,N,N,1
54502649,AMO,N,Y,N,1
54497170,APO,N,Y,N,1
54497452,AMO,N,Y,N,1
54497467,ATE,N,N,Y,1
54499165,APO,N,N,Y,1
54499476,APO,N,N,Y,1
54499608,AMO,N,N,Y,1
54499797,AMO,N,Y,N,1
54499796,APO,N,Y,N,1
54500316,APO,N,Y,N,1
54500319,APO,N,N,Y,1
54500322,AMO,N,Y,N,1
54500488,AMO,N,N,Y,1
54500489,APO,N,N,Y,1
54500502,APO,N,Y,N,1
54500715,AMO,N,Y,N,1
54500720,APO,N,N,Y,1
54500896,APO,Y,N,N,1
54500950,APO,N,Y,N,1
54502456,AMO,N,Y,N,1
54502464,AMO,N,Y,N,1
54503192,APO,Y,N,Y,1
54502657,APO,N,N,Y,1
54502669,APO,Y,N,N,1
54502873,ATE,Y,N,N,1
54502892,AMO,N,Y,N,1
54502893,AMO,N,Y,N,1
54503184,APO,Y,N,N,1
54503207,AMO,N,N,Y,1
54503215,APO,N,Y,N,1
54503216,APO,N,N,Y,1
54504540,ATE,N,N,Y,1
54504550,APO,N,Y,N,1
54505042,AMO,Y,N,N,1
54505049,APO,N,Y,N,1
54505734,ATE,Y,N,N,1
54506151,APO,N,N,Y,1
54506548,APO,Y,N,N,1
54507392,APO,N,Y,N,1
54507532,AMO,N,N,Y,1
54507932,AMO,N,N,Y,1
54507936,APO,N,N,Y,1
54508756,ATE,N,N,Y,1
54509025,APO,Y,N,N,1
54509034,AMO,N,Y,N,1
54509092,APO,N,Y,N,1
54509093,APO,N,Y,N,1
54509167,APO,N,Y,Y,1
54509169,APO,N,Y,N,1
54509629,APO,N,Y,N,1
54509636,AMO,Y,N,N,1
54509637,APO,Y,N,N,1
54510153,APO,Y,N,N,1
54510155,APO,N,Y,N,1
54511094,APO,Y,N,N,1
54511956,AMO,N,N,Y,1
54511963,APO,N,Y,N,1
54512602,APO,N,Y,N,1
54512606,APO,N,Y,N,1
54513043,APO,Y,N,N,1
54513039,APO,Y,N,Y,1
54513655,AMO,Y,N,N,1
54514239,APO,Y,N,N,1
54513663,AMO,N,Y,N,1
54514235,ATE,N,Y,N,1
54514249,APO,N,Y,N,1
54514675,AMO,N,N,Y,1
54515309,APO,N,N,Y,1
54515424,AMO,Y,N,Y,1
54515856,APO,N,N,Y,1
54516066,APO,N,N,Y,1
54516185,APO,N,Y,N,1
54517088,APO,N,N,Y,1
54517090,APO,N,Y,N,1
54517339,APO,Y,N,N,1
54517536,AMO,N,N,Y,1
54517533,APO,Y,N,N,1
54517643,APO,N,N,Y,1
54517684,AMO,Y,N,N,1
54518884,APO,Y,N,Y,1
54518672,AMO,N,N,Y,1
54518715,APO,N,N,Y,1
54518920,APO,N,N,Y,1
54518921,AMO,N,Y,N,1
54519237,APO,N,N,Y,1
54519249,APO,Y,N,N,1
54519692,APO,N,Y,N,1
54520036,APO,N,N,Y,1
54520168,APO,N,N,Y,1
54520178,APO,N,N,Y,1
54520183,ATE,Y,N,N,1
54520303,AMO,Y,N,Y,1
54520329,APO,N,N,Y,1
54520515,APO,Y,N,N,1
54520521,APO,N,Y,N,1
54520523,APO,N,Y,N,1
54520525,AMO,N,N,Y,1
54520716,AMO,N,Y,N,1
54520795,APO,N,N,Y,1
54520798,APO,N,N,Y,1
54520800,APO,N,Y,N,1
54520815,APO,N,Y,N,1
54521608,APO,N,Y,N,1
54521611,APO,N,Y,N,1
54521616,AMO,N,Y,N,1
54521722,AMO,N,Y,N,1
54522093,APO,N,N,Y,1
54522098,APO,N,N,Y,1
54522254,AMO,N,N,Y,1
54522537,APO,Y,N,N,1
54524533,AMO,N,Y,N,1
54522253,APO,N,Y,N,1
54522257,ATE,Y,N,N,1
54522540,APO,N,N,Y,1
54522871,AMO,N,Y,N,1
54523432,APO,N,N,Y,1
54523641,AMO,N,Y,Y,1
54524332,APO,N,N,Y,1
54524525,AMO,Y,N,N,1
54524524,APO,Y,N,Y,1
54524638,ATE,N,N,Y,1
54524727,APO,N,Y,N,1
54524979,ATE,N,N,Y,1
54525115,APO,Y,N,N,1
54525376,AMO,N,Y,N,1
54525637,APO,Y,N,N,1
54525639,APO,Y,N,N,1
54525750,APO,N,Y,N,1
54525755,AMO,N,Y,Y,1
54525859,APO,N,Y,N,1
54525866,AMO,N,Y,N,1
54526036,ATE,N,N,Y,1
54526040,APO,N,N,Y,1
54526555,APO,N,N,Y,1
54526794,IEO,N,Y,N,1
54527125,AMO,N,N,Y,1
54527390,AMO,N,Y,N,1
54527452,AMO,N,N,Y,1
54527598,APO,N,Y,N,1
54527652,ATE,N,Y,N,1
54528733,AMO,Y,N,N,1
54528531,APO,N,Y,N,1
54528919,APO,N,Y,N,1
54528926,APO,N,N,Y,1
54528927,APO,Y,N,N,1
54529112,AMO,N,Y,N,1
54529315,AMO,N,Y,N,1
54529553,ATE,N,N,Y,1
54531437,AMO,Y,N,N,1
54532400,APO,N,N,Y,1
54532953,AMO,N,Y,Y,1
54533006,APO,Y,N,N,1
54533099,APO,N,Y,N,1
54533416,APO,N,Y,N,1
54533500,ATE,N,Y,N,1
54533745,AMO,N,N,Y,1
54533906,AMO,N,N,Y,1
54533907,APO,N,Y,N,1
54534154,AMO,Y,N,N,1
54534099,AMO,N,Y,N,1
54534345,APO,N,N,Y,1
54534708,APO,Y,N,N,1
54534883,APO,Y,Y,N,1
54534882,APO,N,N,Y,1
54535072,APO,N,N,Y,1
54535142,AMO,Y,N,Y,1
54537390,APO,Y,N,Y,1
54537473,APO,N,N,Y,1
54537502,ATE,N,Y,N,1
54537504,APO,N,Y,N,1
54537505,APO,N,N,Y,1
54537507,AMO,Y,N,N,1
54537541,AMO,N,Y,N,1
54537653,APO,N,N,Y,1
54537711,APO,Y,N,Y,1
54538214,APO,N,N,Y,1
54538283,APO,N,N,Y,1
54538336,APO,N,Y,N,1
54538776,AMO,Y,N,N,1
54602257,AMO,N,Y,N,1
54604979,APO,N,Y,N,1
54538338,APO,N,N,Y,1
54538658,APO,N,Y,N,1
54538657,APO,N,Y,N,1
54538660,APO,N,Y,Y,1
54538768,APO,N,Y,N,1
54538773,APO,N,N,Y,1
54538953,AMO,N,N,Y,1
54538960,AMO,N,Y,N,1
54538966,AMO,N,Y,N,1
54539069,APO,N,Y,N,1
54539071,APO,N,Y,N,1
54539339,ATE,Y,N,N,1
54539460,APO,N,Y,N,1
54539476,APO,Y,N,Y,1
54539573,AMO,N,Y,N,1
54541711,AMO,Y,N,N,1
54592528,APO,Y,N,N,1
54602436,AMO,N,Y,N,1
54539698,AMO,N,Y,N,1
54539809,APO,Y,N,N,1
54542757,APO,N,Y,N,1
54549107,APO,Y,N,N,1
54541013,APO,N,N,Y,1
54541031,APO,N,N,Y,1
54541336,AMO,N,Y,N,1
54541489,ATE,Y,N,Y,1
54541502,APO,Y,N,Y,1
54541504,APO,N,Y,N,1
54541503,APO,N,Y,N,1
54541546,AMO,N,Y,N,1
54541548,APO,N,Y,N,1
54541712,APO,Y,N,Y,1
54541882,AMO,Y,N,N,1
54542176,AMO,Y,N,N,1
54542333,APO,Y,N,N,1
54542539,APO,N,Y,N,1
54542751,APO,N,N,Y,1
54543090,APO,N,N,Y,1
54543095,APO,N,N,Y,1
54544089,AMO,N,N,Y,1
54544994,ATE,N,Y,N,1
54545160,APO,N,Y,N,1
54545162,AMO,N,Y,N,1
54545429,AMO,N,N,Y,1
54545768,AMO,N,Y,N,1
54545440,APO,N,Y,N,1
54546136,APO,N,N,Y,1
54546476,APO,N,N,Y,1
54546620,AMO,N,N,Y,1
54547361,APO,N,Y,N,1
54547371,APO,Y,N,N,1
54548705,APO,N,Y,N,1
54550505,AMO,Y,N,N,1
54550583,APO,Y,N,Y,1
54552551,APO,Y,N,N,1
54552553,AMO,Y,N,N,1
54550503,ATE,N,N,Y,1
54551096,ATE,N,N,Y,1
54551100,APO,N,Y,N,1
54553564,APO,N,Y,N,1
54553924,AMO,N,N,Y,1
54554264,APO,N,Y,N,1
54554468,APO,N,Y,N,1
54554632,APO,N,N,Y,1
54554637,AMO,N,Y,N,1
54554640,APO,Y,N,N,1
54554643,APO,N,N,Y,1
54554915,AMO,Y,N,N,1
54555157,APO,N,Y,Y,1
54555158,AMO,N,Y,N,1
54555541,APO,N,Y,Y,1
54555753,AMO,N,N,Y,1
54560903,APO,N,Y,Y,1
54561368,AMO,Y,N,N,1
54561374,AMO,N,N,Y,1
54561376,APO,N,N,Y,1
54561382,AMO,N,Y,N,1
54561510,AMO,N,Y,N,1
54561595,APO,N,N,Y,1
54561772,APO,N,Y,N,1
54562174,AMO,Y,N,N,1
54562175,AMO,N,N,Y,1
54564990,AMO,N,Y,N,1
54562180,APO,Y,N,N,1
54562673,APO,N,N,Y,1
54562947,APO,N,N,Y,1
54563242,APO,Y,N,N,1
54563251,APO,N,N,Y,1
54563280,AMO,N,Y,N,1
54563469,APO,N,N,Y,1
54563914,APO,N,Y,N,1
54564347,APO,Y,N,N,1
54564353,AMO,N,Y,N,1
54564363,APO,N,N,Y,1
54564365,AMO,Y,N,N,1
54564369,AMO,N,Y,N,1
54564374,AMO,N,Y,N,1
54564648,APO,N,N,Y,1
54565313,APO,Y,N,Y,1
54565698,AMO,N,N,Y,1
54565944,ATE,N,N,Y,1
54565951,APO,N,N,Y,1
54566102,AMO,Y,N,N,1
54566224,APO,N,Y,N,1
54566439,APO,N,Y,N,1
54566449,AMO,N,N,Y,1
54566731,APO,N,Y,N,1
54566741,APO,N,Y,N,1
54567816,ATE,N,Y,N,1
54567814,AMO,N,Y,N,1
54568212,AMO,N,Y,N,1
54568214,APO,N,Y,N,1
54568223,APO,N,N,Y,1
54568421,APO,N,Y,N,1
54568423,AMO,N,N,Y,1
54568742,APO,Y,N,Y,1
54568746,AMO,N,N,Y,1
54569378,APO,N,Y,N,1
54569577,ATE,N,N,Y,1
54569582,AMO,N,N,Y,1
54570246,APO,N,N,Y,1
54570432,AMO,N,N,Y,1
54570434,ATE,N,N,Y,1
54571054,APO,Y,N,Y,1
54571198,APO,Y,N,N,1
54571202,AMO,Y,N,N,1
54571234,APO,N,N,Y,1
54575246,APO,N,Y,N,1
54575758,AMO,N,N,Y,1
54575116,APO,N,N,Y,1
54575234,AMO,N,N,Y,1
54575653,APO,N,N,Y,1
54575762,APO,N,N,Y,1
54576282,APO,N,Y,N,1
54576460,APO,N,Y,N,1
54576468,AMO,Y,N,N,1
54576480,APO,N,Y,N,1
54577238,AMO,Y,N,N,1
54577819,AMO,N,Y,N,1
54578433,APO,N,Y,Y,1
54576624,APO,N,Y,N,1
54576861,APO,Y,N,N,1
54577090,APO,N,Y,N,1
54579525,APO,Y,N,N,1
54580640,APO,Y,N,N,1
54601984,AMO,Y,Y,Y,1
54601985,APO,N,Y,N,1
54580775,APO,N,Y,N,1
54597121,AMO,N,Y,N,1
54601983,APO,N,Y,N,1
54602703,ATE,Y,N,N,1
54602791,APO,N,Y,N,1
54602970,ATE,N,N,Y,1
54602980,ATE,Y,N,N,1
54603183,APO,N,Y,N,1
54604543,APO,N,Y,N,1
54602849,AMO,Y,N,N,1
54603070,APO,N,N,Y,1
54603178,APO,N,Y,N,1
54604371,AMO,Y,N,N,1
54604374,APO,N,N,Y,1
54604519,AMO,N,Y,N,1
54604537,APO,N,Y,N,1
54605662,AMO,Y,N,N,1
54605663,APO,Y,N,N,1
54605673,APO,Y,N,N,1
54606448,APO,Y,Y,N,1
54606486,APO,N,N,Y,1
54606086,AMO,N,N,Y,1
54606170,AMO,N,Y,N,1
54606241,APO,N,N,Y,1
54606242,APO,N,N,Y,1
54606328,APO,N,Y,N,1
54606357,APO,Y,N,Y,1
54606411,AMO,N,N,Y,1
54606470,APO,N,N,Y,1
54606532,APO,N,N,Y,1
54606536,APO,Y,N,N,1
54606538,APO,N,N,Y,1
54606558,APO,N,Y,N,1
54606675,AMO,N,N,Y,1
54606737,APO,Y,N,N,1
54606900,APO,N,N,Y,1
54606908,ATE,N,Y,N,1
54606917,APO,N,N,Y,1
54606919,APO,Y,N,N,1
54606984,APO,Y,N,N,1
54607236,APO,Y,N,Y,1
54607239,APO,N,Y,N,1
54607418,AMO,Y,N,N,1
54607420,APO,Y,N,N,1
54607428,APO,N,N,Y,1
54607473,ATE,N,Y,N,1
1000505,JFc,Y,N,Y,1
1000032,JFc,N,N,Y,1
1000021,JFc,Y,N,N,1
1000042,HTC,N,Y,N,1
1000525,JFc,N,N,Y,1
1000441,JFc,N,N,Y,1
1000921,JFc,N,N,Y,1
1000345,JFc,Y,N,N,1
1002435,JFc,Y,N,N,1
1002493,JFc,Y,N,N,1
1001745,JFc,N,Y,N,1
1001474,JFc,N,Y,N,1
1002073,JFc,N,Y,N,1
1003986,JFc,N,Y,N,1
1003987,JFc,N,Y,N,1
1003435,JFC,N,Y,Y,1
1003467,JFc,Y,N,Y,1
1003925,JFc,Y,N,Y,1
1003138,JFc,Y,N,N,1
1003654,JFc,N,N,Y,1
1002409,HTC,N,Y,N,1
1003198,HTC,N,Y,N,1
1003369,HTC,N,Y,N,1
1003377,JFC,Y,N,N,1
1003675,HTC,Y,N,N,1
1003672,JFc,N,Y,N,1
