id,eccentricity,inclination,orbital_period,orbit_class,earth_moid
20000433,0.2228,10.83,1.76,AMO,0.148
20000719,0.5466,11.57,4.28,AMO,0.201
20000887,0.5712,9.40,3.89,AMO,0.0797
20001036,0.5332,26.68,4.35,AMO,0.343
20001221,0.4346,11.87,2.66,AMO,0.108
20001566,0.8270,22.80,1.12,APO,0.0335
20001580,0.4876,52.19,3.25,AMO,0.132
20001620,0.3355,13.34,1.39,APO,0.0294
20001627,0.3973,8.46,2.54,AMO,0.109
20001685,0.4360,9.38,1.6,APO,0.0511
20001862,0.5599,6.35,1.78,APO,0.026
20001863,0.6063,18.38,3.4,APO,0.187
20001864,0.6144,22.22,1.77,APO,0.269
20001865,0.4669,16.10,1.12,APO,0.157
20001866,0.5381,41.21,2.61,APO,0.104
20001915,0.5702,20.40,4.06,AMO,0.109
20001916,0.4492,12.88,3.43,AMO,0.252
20001917,0.5055,23.96,3.15,AMO,0.0717
20001943,0.2559,8.71,1.71,AMO,0.0609
20001980,0.3647,26.87,2.23,AMO,0.245
20001981,0.6505,39.82,2.37,APO,0.00277
20002059,0.5316,11.02,4.29,AMO,0.245
20002061,0.5356,3.80,3.41,AMO,0.0558
20002062,0.1829,18.94,0.951,ATE,0.113
20002063,0.3494,9.43,1.12,APO,0.0667
20002100,0.4365,15.76,0.759,ATE,0.15
20002101,0.7641,1.32,2.57,APO,0.0115
20002102,0.2994,64.01,1.47,APO,0.0426
20002135,0.5031,23.07,2.02,APO,0.00853
20002201,0.7107,2.52,3.22,APO,0.00278
20002202,0.5129,8.74,3.47,AMO,0.143
20002212,0.8347,11.20,3.19,APO,0.112
20002329,0.6533,24.46,3.74,APO,0.0936
20002340,0.4499,5.86,0.775,ATE,0.00663
20002368,0.4134,5.22,3.05,AMO,0.231
20002608,0.5647,14.43,4.03,AMO,0.153
20003102,0.4492,8.44,3.16,AMO,0.183
20003103,0.3542,20.93,1.66,APO,0.0786
20003122,0.4232,22.14,2.35,AMO,0.0436
20003199,0.2841,32.96,1.98,AMO,0.215
20003200,0.8897,22.31,1.43,APO,0.0187
20003271,0.3955,25.07,3.05,AMO,0.276
20003288,0.4545,5.93,2.9,AMO,0.105
20003352,0.3691,4.77,2.58,AMO,0.202
20003360,0.7474,21.07,3.87,APO,0.11
20003361,0.3232,2.65,1.33,APO,0.0146
20003362,0.4685,9.92,0.984,ATE,0.013
20003551,0.4868,9.51,3.03,AMO,0.0749
20003552,0.7073,31.05,8.82,AMO,0.342
20003553,0.3200,36.77,2.11,AMO,0.293
20003554,0.2806,23.36,0.961,ATE,0.25
20003671,0.5438,13.53,3.26,APO,0.015
20003691,0.2845,20.35,2.36,AMO,0.35
20003752,0.3015,55.56,1.68,APO,0.0778
20003753,0.5149,19.80,0.997,ATE,0.0703
20003757,0.4459,3.87,2.48,APO,0.0366
20003838,0.7027,29.20,1.85,APO,0.159
20003908,0.4590,2.19,2.68,AMO,0.0567
20003988,0.3167,10.77,1.92,AMO,0.177
20004015,0.6309,2.80,4.26,APO,0.043
20004034,0.4440,11.17,1.09,APO,0.0191
20004055,0.3260,23.25,2.46,AMO,0.239
20004179,0.6247,0.45,4.06,APO,0.00651
20004183,0.6362,6.67,2.79,APO,0.0284
20004197,0.7725,12.60,3.48,APO,0.0985
20004257,0.4684,40.72,2.11,APO,0.169
20004341,0.6801,11.84,2.48,APO,0.194
20004401,0.5634,26.62,4.15,AMO,0.335
20004450,0.5866,5.52,1.73,APO,0.0287
20004486,0.6600,3.03,3.28,APO,0.0459
20004487,0.2965,16.41,2.28,AMO,0.219
20004503,0.5248,2.51,4.45,AMO,0.304
20004544,0.2501,14.14,1.06,APO,0.173
20004581,0.3569,4.92,1.03,APO,0.00385
20004660,0.3588,1.45,1.81,APO,0.00416
20004769,0.4832,8.89,1.1,APO,0.0203
20004947,0.1684,15.65,1.6,AMO,0.15
20004954,0.4494,17.43,2.83,AMO,0.194
20004957,0.2188,35.01,1.96,AMO,0.425
20005011,0.5002,7.41,2.09,APO,0.0241
20005143,0.7712,8.98,2.49,APO,0.0575
20005324,0.6063,19.66,5.14,AMO,0.223
20005332,0.4556,25.52,3.18,AMO,0.305
20005370,0.6370,19.17,6.04,AMO,0.212
20005381,0.2964,48.97,0.922,ATE,0.111
20005620,0.4227,7.87,3.17,AMO,0.236
20005626,0.4545,3.85,3.25,AMO,0.213
20005653,0.3044,6.87,2.4,AMO,0.282
20005731,0.6524,11.20,3.41,APO,0.0647
20005751,0.4253,16.07,3.05,AMO,0.24
20005786,0.8268,23.22,1.12,APO,0.189
20005797,0.4443,4.19,2.61,AMO,0.0698
20005863,0.5073,19.51,3.31,AMO,0.231
20005869,0.3214,17.92,2.44,AMO,0.31
20005879,0.2891,21.58,2.07,AMO,0.167
20006050,0.4372,6.41,3.27,AMO,0.268
20006063,0.7625,4.96,3.31,APO,0.0763
20006239,0.4125,3.94,1.23,APO,0.0261
20006456,0.4088,8.22,3.25,AMO,0.282
20006489,0.6188,2.26,3.9,APO,0.0225
20006569,0.2207,22.64,2.07,AMO,0.254
20007088,0.3903,8.30,2.79,AMO,0.224
20007092,0.6937,17.79,4.06,APO,0.101
20007336,0.4820,7.20,3.5,AMO,0.189
20007358,0.5024,4.66,3.26,AMO,0.123
20007480,0.3169,9.45,1.96,AMO,0.161
20008013,0.4321,7.60,3.26,AMO,0.244
20008034,0.4091,2.02,2.48,AMO,0.073
20008709,0.4945,3.54,4,AMO,0.258
20009162,0.5955,9.01,1.83,APO,0.0806
20009172,0.5528,7.84,4.46,AMO,0.252
20009950,0.5329,14.59,3.81,AMO,0.28
20010563,0.2662,63.47,1.01,APO,0.145
20011066,0.3754,36.88,1.64,APO,0.119
20011284,0.3374,1.99,2.3,AMO,0.168
20011311,0.5358,25.49,3.08,APO,0.0952
20011500,0.3558,10.31,1.12,APO,0.0344
20011885,0.4745,19.43,2.22,APO,0.0664
20012711,0.2721,38.49,1.29,APO,0.112
20012923,0.4927,5.31,2.75,APO,0.02
20013553,0.4636,5.87,3.24,AMO,0.189
20014827,0.6643,1.97,4.81,APO,0.0158
20015745,0.2554,14.43,2.25,AMO,0.294
20015817,0.1181,13.87,1.52,AMO,0.248
20016064,0.5893,4.54,4.81,AMO,0.203
20016912,0.2727,24.52,2.32,AMO,0.321
20018106,0.5120,4.22,3.82,AMO,0.194
20020460,0.4118,33.95,2.57,AMO,0.329
20021088,0.2387,38.46,2.23,AMO,0.306
20024761,0.3058,21.92,1.54,APO,0.1
20025143,0.2802,1.62,1.52,APO,0.0133
20037655,0.7524,18.03,1.8,APO,0.0247
20038086,0.5662,23.67,1.69,APO,0.385
20039557,0.4262,5.55,3.41,AMO,0.297
20052387,0.1897,24.15,1.45,AMO,0.0604
20053435,0.4831,15.35,3.51,AMO,0.205
20054509,0.2300,1.60,1.01,APO,0.000495
20065803,0.3832,3.41,2.11,APO,0.0397
20066391,0.6884,38.88,0.515,ATE,0.0119
20069230,0.6239,6.07,2.13,APO,0.00491
20085585,0.3563,4.08,1.48,APO,0.0211
20096189,0.3070,14.00,2.46,AMO,0.332
20098943,0.2192,4.81,1.05,APO,0.0831
20099942,0.1912,3.34,0.886,ATE,0.000361
20101955,0.2037,6.03,1.2,APO,0.00322
20136795,0.4781,10.99,2.31,APO,0.0367
20136818,0.3463,12.78,0.908,ATE,0.112
20137052,0.8097,14.90,1.39,APO,0.0682
20154991,0.3227,5.63,2.23,AMO,0.195
20161989,0.2138,26.07,1.19,APO,0.0144
20162011,0.5970,4.55,4.77,AMO,0.154
20162173,0.1911,5.87,1.3,APO,0.000833
20163693,0.3221,25.62,0.638,IEO,0.208
20164207,0.1359,13.65,1,APO,0.00309
20164215,0.3964,4.88,3.08,AMO,0.277
20189011,0.2322,18.70,1.84,AMO,0.223
20217628,0.7117,4.44,4.02,APO,0.0341
20280244,0.4415,5.39,3.1,AMO,0.191
20306367,0.7407,3.76,4.05,APO,0.0522
20314082,0.5768,16.19,3.34,APO,0.0138
20326290,0.4401,3.38,0.824,ATE,0.00351
20326732,0.5703,6.62,4.47,AMO,0.164
20343158,0.8068,154.35,4.02,APO,0.148
20355256,0.6298,12.52,6.13,AMO,0.279
20367943,0.0895,11.61,0.868,ATE,0.000488
20398188,0.2733,13.25,0.804,ATE,0.0219
20428694,0.6480,19.14,2.03,APO,0.058
20429733,0.4916,22.56,4.07,AMO,0.382
20452307,0.3180,44.27,2.55,AMO,0.582
20469219,0.1024,7.80,1,APO,0.0292
20471926,0.8508,23.54,1.77,APO,0.0502
20481984,0.4693,9.46,3.26,AMO,0.163
20506074,0.6874,6.01,1.94,APO,0.048
20520585,0.2667,6.18,2.03,AMO,0.158
20524522,0.4101,9.04,0.616,ATE,0.0259
20594913,0.1772,15.87,0.414,IEO,0.347
20605911,0.2948,14.50,2.38,AMO,0.286
20614470,0.5954,6.73,3.62,APO,0.0109
20620096,0.6159,5.15,2.44,APO,0.00791
20622577,0.4496,25.31,1.46,APO,0.197
20679829,0.4925,16.71,3.36,AMO,0.127
20785648,0.2670,9.16,1.79,AMO,0.0998
1000036,0.9679,162.19,75.9,HTC,0.0745
1000025,0.8477,11.41,3.31,ETc,0.167
1000504,0.7513,13.22,6.65,JFc,0.000518
1000505,0.8098,29.38,5.46,JFc,0.367
1000069,0.6376,22.33,6.32,JFc,0.226
1000099,0.8198,54.98,13.6,JFC,0.0953
1000068,0.9546,74.19,71.2,HTC,0.18
1000066,0.9297,44.62,68.1,HTC,0.471
1000027,0.7202,6.80,6.52,JFc,0.00923
1000144,0.6426,17.76,6.72,JFc,0.289
1000212,0.9198,40.89,61.9,HTC,0.468
1000032,0.7105,32.00,6.55,JFc,0.0178
1000009,0.9720,19.33,70.5,HTC,0.194
1000077,0.7077,11.50,8.17,JFc,0.264
1000034,0.6397,22.46,5.26,JFc,0.0848
1000016,0.9193,29.22,27.4,HTC,0.229
1000284,0.7607,11.73,11,JFc,
1000043,0.9740,64.21,155,HTC,
1000100,0.6613,9.23,5.42,JFc,0.134
1000045,0.8240,4.25,5.26,JFc,0.0604
1000109,0.6588,11.75,5.44,JFc,0.0713
1000095,0.9056,162.49,33.2,HTC,0.00848
1000021,0.7866,18.67,14.8,JFc,0.438
1000012,0.6409,7.04,6.44,JFc,0.257
1000020,0.8205,9.23,9.06,JFc,0.0882
1000394,0.6857,11.23,5.44,JFc,0.0134
1003777,0.6957,11.42,5.37,JFc,0.0446
1000320,0.6933,11.40,5.36,JFc,0.0407
1000081,0.6922,11.38,5.36,JFc,0.0384
1000324,0.6939,11.41,5.36,JFc,0.041
1002326,0.6934,11.39,5.36,JFc,0.0405
1002327,0.6936,11.39,5.37,JFc,0.0406
1002336,0.6915,11.38,5.31,JFc,0.0407
1002332,0.6935,11.39,5.36,JFc,0.0406
1002334,0.6947,11.40,5.4,JFc,0.0407
1002331,0.6939,11.39,5.37,JFc,0.0406
1002338,0.6923,11.38,5.33,JFc,0.0405
1002335,0.6956,11.41,5.42,JFc,0.0407
1002333,0.6986,11.42,5.51,JFc,0.0407
1002339,0.6941,11.39,5.38,JFc,0.0406
1002340,0.6934,11.05,6.09,JFc,0.00735
1002341,0.6930,11.40,5.35,JFc,0.0398
1002342,0.6894,11.36,5.26,JFc,0.0403
1002343,0.6935,11.57,5.2,JFc,0.0434
1002344,0.6983,11.42,5.49,JFc,0.0407
1002345,0.6948,11.40,5.4,JFc,0.0407
1002346,0.7181,11.55,6.08,JFc,0.0422
1002348,0.6934,11.34,5.39,JFc,0.0402
1002349,0.6806,11.30,5.04,JFc,0.0398
1002350,0.6912,11.37,5.31,JFc,0.0406
1002351,0.6954,11.41,5.41,JFc,0.0408
1002352,0.6934,11.37,5.37,JFc,0.0404
1002353,0.6967,11.41,5.45,JFc,0.0408
1002354,0.6763,11.24,4.96,JFc,0.0394
1002355,0.6958,11.41,5.42,JFc,0.0408
1002356,0.6934,11.33,5.39,JFc,0.0402
1002357,0.6982,11.43,5.49,JFc,0.0407
1002358,0.6624,11.14,4.65,JFc,0.0387
1002359,0.6934,11.43,5.35,JFc,0.0403
1002360,0.6998,11.44,5.53,JFc,0.0409
1002361,0.6934,11.54,5.29,JFc,0.0409
1002363,0.6948,11.41,5.4,JFc,0.0406
1002364,0.6938,11.33,5.38,JFc,0.0407
1002365,0.7014,11.47,5.58,JFc,0.041
1002366,0.6959,11.41,5.43,JFc,0.0408
1002367,0.6958,11.41,5.43,JFc,0.0406
1002368,0.7011,11.46,5.57,JFc,0.0411
1002369,0.6869,11.33,5.2,JFc,0.0402
1002370,0.6928,11.38,5.35,JFc,0.0405
1002371,0.6934,11.40,5.36,JFc,0.0405
1002372,0.6482,10.98,4.38,ETc,0.0387
1002373,0.6925,11.43,5.33,JFc,0.0403
1002374,0.6640,11.13,4.69,JFc,0.0394
1002375,0.6441,10.93,4.31,ETc,0.0386
1002376,0.6824,11.27,5.09,JFc,0.0401
1002377,0.6824,11.19,5.11,JFc,0.0401
1002378,0.7005,11.46,5.55,JFc,0.041
1002379,0.6824,10.97,5.14,JFc,0.0404
1002380,0.6824,11.32,5.09,JFc,0.04
1002381,0.6857,11.32,5.17,JFc,0.0404
1002382,0.6848,11.32,5.14,JFc,0.0401
1002383,0.6824,11.29,5.09,JFc,0.04
1002384,0.6825,11.30,5.09,JFc,0.0401
1002385,0.6911,11.37,5.3,JFc,0.0405
1002386,0.6915,11.37,5.31,JFc,0.0405
1002387,0.6962,11.41,5.44,JFc,0.0407
1002388,0.6824,11.29,5.09,JFc,0.04
1002390,0.6918,11.38,5.32,JFc,0.0406
1002391,0.6918,11.38,5.32,JFc,0.0407
1002392,0.6825,11.29,5.09,JFc,0.0402
1002393,0.6925,11.39,5.34,JFc,0.0406
1002395,0.6852,11.32,5.16,JFc,0.0403
1002396,0.6986,11.44,5.5,JFc,0.0408
1003506,0.6856,11.24,5.44,JFc,0.0143
1003864,0.6677,11.05,4.91,JFc,0.0236
1003865,0.6892,11.24,5.55,JFc,0.0136
1003873,0.7778,11.61,9.55,JFc,0.00926
1003874,0.6887,11.26,5.54,JFc,0.0122
1003875,0.6799,11.20,5.28,JFc,0.0148
1000022,0.5941,2.89,5.28,JFc,0.234
1003790,0.6023,2.94,5.21,JFc,0.2
1003791,0.5996,2.94,5.15,JFc,0.198
1000004,0.7812,4.30,11.8,JFc,0.15
1000061,0.9592,58.14,5.29,JFC,0.333
1000041,0.6936,13.60,6.48,JFc,0.0732
1000056,0.6655,5.70,5.74,JFc,0.111
1000140,0.9632,113.45,133,HTC,0.000892
1000156,0.9627,85.38,74.3,HTC,0.317
1003394,0.7367,13.98,5.34,JFc,0.0989
1000152,0.7505,12.79,5.22,JFc,0.106
1000279,0.7511,12.81,5.22,JFc,0.108
1004087,0.7492,12.81,5.29,JFc,0.102
1003881,0.7365,13.95,5.37,JFc,0.0955
1000096,0.6275,11.18,6.18,JFc,0.281
1000042,0.8351,95.70,21.5,HTC,0.448
1000525,0.5961,27.82,5.34,JFc,0.239
1001656,0.7668,11.30,4.21,JFc,0.142
1000909,0.9544,31.22,120,HTC,0.31
1000136,0.7073,16.98,7.52,JFc,0.156
1000380,0.6663,16.91,5.02,JFc,0.109
1000349,0.6988,14.00,5.46,JFc,0.0613
1000400,0.5976,20.40,4.98,JFc,0.167
1000441,0.6299,25.56,4.86,JFc,0.0508
1000921,0.6485,33.20,5.81,JFc,0.141
1000339,0.7591,10.19,7.62,JFc,0.14
1000487,0.6814,21.34,5.07,JFc,0.0251
1000440,0.8340,10.29,5.62,JFc,0.172
1000345,0.6888,12.86,7.85,JFc,0.312
1000437,0.6219,2.73,5.45,JFc,0.166
1000530,0.7268,5.15,4.83,JFc,0.0628
1002424,0.8187,8.40,4.61,JFc,0.0482
1000298,0.6731,10.42,5.32,JFc,0.0122
1002422,0.6720,18.33,5.26,JFc,0.00881
1000154,0.8154,29.08,18.3,JFC,0.291
1002435,0.5878,11.54,5.35,JFc,0.299
1000765,0.9753,136.40,188,HTC,0.172
1000750,0.6851,5.90,5.31,JFc,0.0167
1002493,0.5955,18.22,5.73,JFc,0.393
1000567,0.6916,5.68,4.43,JFc,0.0218
1000448,0.5985,8.37,5.47,JFc,0.238
1003094,0.5802,11.96,5.08,JFc,0.241
1002993,0.6650,15.07,6.75,JFc,0.2
1000508,0.6824,4.89,5.47,JFc,0.0279
1001745,0.9807,19.74,3.78,JFc,0.086
1001474,0.9787,12.59,3.99,JFc,0.0922
1002073,0.9848,5.37,4.15,JFc,0.0222
1003986,0.9843,5.43,4.91,JFc,0.028
1003987,0.9811,5.26,4.22,JFc,0.0279
1003026,0.6243,16.33,6.29,JFc,0.27
1003435,0.7361,131.97,8.67,JFC,0.175
1001542,0.9826,13.27,5.31,JFC,0.132
1003263,0.7226,12.15,4.88,JFc,0.0866
1003346,0.6154,7.28,4.95,JFc,0.14
1003006,0.7360,8.90,10.5,JFc,0.286
1003292,0.6891,9.37,6.85,JFc,0.204
1003467,0.8117,23.39,4.67,JFc,0.32
1003451,0.6663,18.92,5.25,JFc,0.0163
1003925,0.8253,29.44,5.13,JFc,0.342
1003138,0.7786,15.39,13.3,JFc,0.383
1003635,0.6485,12.28,5.26,JFc,0.0764
1003654,0.6914,24.59,5.24,JFc,0.0552
1004010,0.6957,10.10,3.34,ETc,0.0638
1000703,0.8476,7.87,4.35,JFc,
1000705,0.7861,1.55,5.6,JFc,
1000889,0.5836,5.47,5.39,JFc,0.28
1000927,0.6520,2.99,7.2,JFc,
1000954,0.9528,40.07,114,HTC,0.123
1000981,0.9038,76.86,18.7,JFC,0.151
1000985,0.9930,32.69,143,HTC,0.0619
1000024,0.9347,22.35,70.7,HTC,0.384
1001031,0.9806,26.01,181,HTC,0.257
1001045,0.9268,37.86,73.9,HTC,0.336
1001109,0.9303,151.17,58.2,HTC,0.152
1000037,0.6652,5.95,5.97,JFc,0.135
1001234,0.9781,83.06,84.1,HTC,0.573
1000129,0.9289,19.19,51.3,HTC,0.0753
1001439,0.9842,26.63,5.46,JFC,0.00987
1000271,0.6508,8.19,6.62,JFc,0.248
1000373,0.9253,80.25,48.5,HTC,0.301
1000362,0.9414,115.91,75.9,HTC,0.146
1001843,0.9853,14.12,5.77,JFC,0.0941
1001852,0.9848,13.58,5.79,JFC,0.114
1002004,0.7762,11.48,4.12,JFc,0.155
1001673,0.9304,160.04,28.5,HTC,0.157
1002409,0.8431,31.88,21.9,HTC,0.453
1002480,0.7750,9.90,5.44,JFc,0.156
1003317,0.9788,23.35,5.4,JFC,0.0446
1003080,0.7403,9.59,5.41,JFc,0.00933
1003099,0.9042,147.05,23.7,HTC,0.113
1003152,0.9316,17.57,65.8,HTC,0.138
1003198,0.8481,84.38,24.8,HTC,0.315
1003369,0.8459,172.51,20.5,HTC,0.204
1003377,0.9943,69.62,11.1,JFC,0.516
1003382,0.9777,149.26,61.3,HTC,0.442
1003429,0.9391,155.28,86.4,HTC,0.217
1003554,0.8707,27.59,31,HTC,0.491
1003675,0.9887,44.82,108,HTC,0.625
1003672,0.8596,18.47,6.84,JFc,0.272
1003699,0.9527,23.47,139,HTC,0.327
1003811,0.8102,12.17,8.59,JFc,0.0423
1003792,0.6768,11.51,5.14,JFc,0.0211
1003909,0.6708,20.02,7.25,JFc,0.255
1003804,0.6240,10.73,5.95,JFc,0.247
1003914,0.9469,38.31,85,HTC,0.365
1003954,0.9708,140.50,152,HTC,0.218
1004036,0.7742,7.67,4.26,JFc,0.0203
